El Tabanı (Wrist)_x,El Tabanı (Wrist)_y,Baş Parmak: İkinci Ekleme (Thumb: CMC)_x,Baş Parmak: İkinci Ekleme (Thumb: CMC)_y,Baş Parmak: İkinci Ekleme-Burun (Thumb: MCP)_x,Baş Parmak: İkinci Ekleme-Burun (Thumb: MCP)_y,Baş Parmak: İkinci Ekleme-Ucu (Thumb: IP)_x,Baş Parmak: İkinci Ekleme-Ucu (Thumb: IP)_y,Baş Parmak: İkinci Ekleme-Ucu (Thumb: Tip)_x,Baş Parmak: İkinci Ekleme-Ucu (Thumb: Tip)_y,İşaret Parmak: İkinci Ekleme (Index finger: MCP)_x,İşaret Parmak: İkinci Ekleme (Index finger: MCP)_y,İşaret Parmak: İkinci Ekleme-Burun (Index finger: PIP)_x,İşaret Parmak: İkinci Ekleme-Burun (Index finger: PIP)_y,İşaret Parmak: İkinci Ekleme-Ucu (Index finger: DIP)_x,İşaret Parmak: İkinci Ekleme-Ucu (Index finger: DIP)_y,İşaret Parmak: İkinci Ekleme-Ucu (Index finger: Tip)_x,İşaret Parmak: İkinci Ekleme-Ucu (Index finger: Tip)_y,Orta Parmak: İkinci Ekleme (Middle finger: MCP)_x,Orta Parmak: İkinci Ekleme (Middle finger: MCP)_y,Orta Parmak: İkinci Ekleme-Burun (Middle finger: PIP)_x,Orta Parmak: İkinci Ekleme-Burun (Middle finger: PIP)_y,Orta Parmak: İkinci Ekleme-Ucu (Middle finger: DIP)_x,Orta Parmak: İkinci Ekleme-Ucu (Middle finger: DIP)_y,Orta Parmak: İkinci Ekleme-Ucu (Middle finger: Tip)_x,Orta Parmak: İkinci Ekleme-Ucu (Middle finger: Tip)_y,Yüzük Parmak: İkinci Ekleme (Ring finger: MCP)_x,Yüzük Parmak: İkinci Ekleme (Ring finger: MCP)_y,Yüzük Parmak: İkinci Ekleme-Burun (Ring finger: PIP)_x,Yüzük Parmak: İkinci Ekleme-Burun (Ring finger: PIP)_y,Yüzük Parmak: İkinci Ekleme-Ucu (Ring finger: DIP)_x,Yüzük Parmak: İkinci Ekleme-Ucu (Ring finger: DIP)_y,Yüzük Parmak: İkinci Ekleme-Ucu (Ring finger: Tip)_x,Yüzük Parmak: İkinci Ekleme-Ucu (Ring finger: Tip)_y,Serçe Parmak: İkinci Ekleme (Little finger: MCP)_x,Serçe Parmak: İkinci Ekleme (Little finger: MCP)_y,Serçe Parmak: İkinci Ekleme-Burun (Little finger: PIP)_x,Serçe Parmak: İkinci Ekleme-Burun (Little finger: PIP)_y,Serçe Parmak: İkinci Ekleme-Ucu (Little finger: DIP)_x,Serçe Parmak: İkinci Ekleme-Ucu (Little finger: DIP)_y,Serçe Parmak: İkinci Ekleme-Ucu (Little finger: Tip)_x,Serçe Parmak: İkinci Ekleme-Ucu (Little finger: Tip)_y,VOLT,MOTOR_AKIM,X_AC,Y_AC,Z_AC,X_GY,Y_GY,Z_GY,NN
169,286,99,240,59,163,34,100,7,48,168,113,213,50,244,11,269,-16,214,133,259,68,288,27,314,0,245,164,289,116,319,82,343,56,267,206,317,186,350,169,375,155,18.74,0.03,-0.03,0.22,1.02,-0.31,-0.73,-0.12,NOK
169,286,99,240,59,163,34,100,7,48,168,113,213,50,244,11,269,-16,214,133,259,68,288,27,314,0,245,164,289,116,319,82,343,56,267,206,317,186,350,169,375,155,18.74,0.03,-0.03,0.22,1.02,-0.31,-0.73,-0.12,NOK
169,286,99,240,59,163,34,100,7,48,168,113,213,50,244,11,269,-16,214,133,259,68,288,27,314,0,245,164,289,116,319,82,343,56,267,206,317,186,350,169,375,155,18.74,0.03,-0.03,0.22,1.02,-0.31,-0.73,-0.12,NOK
169,286,99,240,59,163,34,100,7,48,168,113,213,50,244,11,269,-16,214,133,259,68,288,27,314,0,245,164,289,116,319,82,343,56,267,206,317,186,350,169,375,155,18.74,0.03,-0.03,0.22,1.02,-0.31,-0.73,-0.12,NOK
169,286,99,240,59,163,34,100,7,48,168,113,213,50,244,11,269,-16,214,133,259,68,288,27,314,0,245,164,289,116,319,82,343,56,267,206,317,186,350,169,375,155,18.74,0.03,-0.03,0.22,1.02,-0.31,-0.73,-0.12,NOK
169,286,99,240,59,163,34,100,7,48,168,113,213,50,244,11,269,-16,214,133,259,68,288,27,314,0,245,164,289,116,319,82,343,56,267,206,317,186,350,169,375,155,18.74,0.03,-0.03,0.22,1.02,-0.31,-0.73,-0.12,NOK
169,286,99,240,59,163,34,100,7,48,168,113,213,50,244,11,269,-16,214,133,259,68,288,27,314,0,245,164,289,116,319,82,343,56,267,206,317,186,350,169,375,155,18.74,0.03,-0.03,0.22,1.02,-0.31,-0.73,-0.12,NOK
169,286,99,240,59,163,34,100,7,48,168,113,213,50,244,11,269,-16,214,133,259,68,288,27,314,0,245,164,289,116,319,82,343,56,267,206,317,186,350,169,375,155,18.74,0.03,-0.03,0.22,1.02,-0.31,-0.73,-0.12,NOK
169,286,99,240,59,163,34,100,7,48,168,113,213,50,244,11,269,-16,214,133,259,68,288,27,314,0,245,164,289,116,319,82,343,56,267,206,317,186,350,169,375,155,18.74,0.03,-0.03,0.22,1.02,-0.31,-0.73,-0.12,NOK
169,286,99,240,59,163,34,100,7,48,168,113,213,50,244,11,269,-16,214,133,259,68,288,27,314,0,245,164,289,116,319,82,343,56,267,206,317,186,350,169,375,155,18.74,0.03,-0.03,0.22,1.02,-0.31,-0.73,-0.12,NOK
169,286,99,240,59,163,34,100,7,48,168,113,213,50,244,11,269,-16,214,133,259,68,288,27,314,0,245,164,289,116,319,82,343,56,267,206,317,186,350,169,375,155,18.74,0.03,-0.03,0.22,1.02,-0.31,-0.73,-0.12,NOK
169,286,99,240,59,163,34,100,7,48,168,113,213,50,244,11,269,-16,214,133,259,68,288,27,314,0,245,164,289,116,319,82,343,56,267,206,317,186,350,169,375,155,18.74,0.03,-0.03,0.22,1.02,-0.31,-0.73,-0.12,NOK
169,286,99,240,59,163,34,100,7,48,168,113,213,50,244,11,269,-16,214,133,259,68,288,27,314,0,245,164,289,116,319,82,343,56,267,206,317,186,350,169,375,155,18.74,0.03,-0.03,0.22,1.02,-0.31,-0.73,-0.12,NOK
169,286,99,240,59,163,34,100,7,48,168,113,213,50,244,11,269,-16,214,133,259,68,288,27,314,0,245,164,289,116,319,82,343,56,267,206,317,186,350,169,375,155,18.74,0.03,-0.03,0.22,1.02,-0.31,-0.73,-0.12,NOK
169,286,99,240,59,163,34,100,7,48,168,113,213,50,244,11,269,-16,214,133,259,68,288,27,314,0,245,164,289,116,319,82,343,56,267,206,317,186,350,169,375,155,18.74,0.03,-0.03,0.22,1.02,-0.31,-0.73,-0.12,NOK
169,286,99,240,59,163,34,100,7,48,168,113,213,50,244,11,269,-16,214,133,259,68,288,27,314,0,245,164,289,116,319,82,343,56,267,206,317,186,350,169,375,155,18.74,0.03,-0.03,0.22,1.02,-0.31,-0.73,-0.12,NOK
169,286,99,240,59,163,34,100,7,48,168,113,213,50,244,11,269,-16,214,133,259,68,288,27,314,0,245,164,289,116,319,82,343,56,267,206,317,186,350,169,375,155,18.74,0.03,-0.03,0.22,1.02,-0.31,-0.73,-0.12,NOK
169,286,99,240,59,163,34,100,7,48,168,113,213,50,244,11,269,-16,214,133,259,68,288,27,314,0,245,164,289,116,319,82,343,56,267,206,317,186,350,169,375,155,18.74,0.03,-0.03,0.22,1.02,-0.31,-0.73,-0.12,NOK
169,286,99,240,59,163,34,100,7,48,168,113,213,50,244,11,269,-16,214,133,259,68,288,27,314,0,245,164,289,116,319,82,343,56,267,206,317,186,350,169,375,155,18.74,0.03,-0.03,0.22,1.02,-0.31,-0.73,-0.12,NOK
169,286,99,240,59,163,34,100,7,48,168,113,213,50,244,11,269,-16,214,133,259,68,288,27,314,0,245,164,289,116,319,82,343,56,267,206,317,186,350,169,375,155,18.74,0.03,-0.03,0.22,1.02,-0.31,-0.73,-0.12,NOK
169,286,99,240,59,163,34,100,7,48,168,113,213,50,244,11,269,-16,214,133,259,68,288,27,314,0,245,164,289,116,319,82,343,56,267,206,317,186,350,169,375,155,18.74,0.03,-0.03,0.22,1.02,-0.31,-0.73,-0.12,NOK
186,301,126,254,91,182,58,121,21,68,212,140,262,69,290,21,315,-20,252,171,313,116,345,77,375,44,277,214,338,180,374,157,406,135,288,265,340,247,376,235,408,220,18.74,0.03,-0.02,0.22,1.01,0.24,-1.46,-0.06,NOK
186,301,126,254,91,182,58,121,21,68,212,140,262,69,290,21,315,-20,252,171,313,116,345,77,375,44,277,214,338,180,374,157,406,135,288,265,340,247,376,235,408,220,18.74,0.03,-0.02,0.22,1.01,0.24,-1.46,-0.06,NOK
186,301,126,254,91,182,58,121,21,68,212,140,262,69,290,21,315,-20,252,171,313,116,345,77,375,44,277,214,338,180,374,157,406,135,288,265,340,247,376,235,408,220,18.74,0.03,-0.02,0.22,1.01,0.24,-1.46,-0.06,NOK
186,301,126,254,91,182,58,121,21,68,212,140,262,69,290,21,315,-20,252,171,313,116,345,77,375,44,277,214,338,180,374,157,406,135,288,265,340,247,376,235,408,220,18.74,0.03,-0.02,0.22,1.01,0.24,-1.46,-0.06,NOK
186,301,126,254,91,182,58,121,21,68,212,140,262,69,290,21,315,-20,252,171,313,116,345,77,375,44,277,214,338,180,374,157,406,135,288,265,340,247,376,235,408,220,18.74,0.03,-0.02,0.22,1.01,0.24,-1.46,-0.06,NOK
186,301,126,254,91,182,58,121,21,68,212,140,262,69,290,21,315,-20,252,171,313,116,345,77,375,44,277,214,338,180,374,157,406,135,288,265,340,247,376,235,408,220,18.74,0.03,-0.02,0.22,1.01,0.24,-1.46,-0.06,NOK
186,301,126,254,91,182,58,121,21,68,212,140,262,69,290,21,315,-20,252,171,313,116,345,77,375,44,277,214,338,180,374,157,406,135,288,265,340,247,376,235,408,220,18.74,0.03,-0.02,0.22,1.01,0.24,-1.46,-0.06,NOK
186,301,126,254,91,182,58,121,21,68,212,140,262,69,290,21,315,-20,252,171,313,116,345,77,375,44,277,214,338,180,374,157,406,135,288,265,340,247,376,235,408,220,18.74,0.03,-0.02,0.22,1.01,0.24,-1.46,-0.06,NOK
186,301,126,254,91,182,58,121,21,68,212,140,262,69,290,21,315,-20,252,171,313,116,345,77,375,44,277,214,338,180,374,157,406,135,288,265,340,247,376,235,408,220,18.74,0.03,-0.02,0.22,1.01,0.24,-1.46,-0.06,NOK
186,301,126,254,91,182,58,121,21,68,212,140,262,69,290,21,315,-20,252,171,313,116,345,77,375,44,277,214,338,180,374,157,406,135,288,265,340,247,376,235,408,220,18.74,0.03,-0.02,0.22,1.01,0.24,-1.46,-0.06,NOK
186,301,126,254,91,182,58,121,21,68,212,140,262,69,290,21,315,-20,252,171,313,116,345,77,375,44,277,214,338,180,374,157,406,135,288,265,340,247,376,235,408,220,18.74,0.03,-0.02,0.22,1.01,0.24,-1.46,-0.06,NOK
186,301,126,254,91,182,58,121,21,68,212,140,262,69,290,21,315,-20,252,171,313,116,345,77,375,44,277,214,338,180,374,157,406,135,288,265,340,247,376,235,408,220,18.74,0.03,-0.02,0.22,1.01,0.24,-1.46,-0.06,NOK
186,301,126,254,91,182,58,121,21,68,212,140,262,69,290,21,315,-20,252,171,313,116,345,77,375,44,277,214,338,180,374,157,406,135,288,265,340,247,376,235,408,220,18.74,0.03,-0.02,0.22,1.01,0.24,-1.46,-0.06,NOK
186,301,126,254,91,182,58,121,21,68,212,140,262,69,290,21,315,-20,252,171,313,116,345,77,375,44,277,214,338,180,374,157,406,135,288,265,340,247,376,235,408,220,18.74,0.03,-0.02,0.22,1.01,0.24,-1.46,-0.06,NOK
186,301,126,254,91,182,58,121,21,68,212,140,262,69,290,21,315,-20,252,171,313,116,345,77,375,44,277,214,338,180,374,157,406,135,288,265,340,247,376,235,408,220,18.74,0.03,-0.02,0.22,1.01,0.24,-1.46,-0.06,NOK
186,301,126,254,91,182,58,121,21,68,212,140,262,69,290,21,315,-20,252,171,313,116,345,77,375,44,277,214,338,180,374,157,406,135,288,265,340,247,376,235,408,220,18.74,0.03,-0.02,0.22,1.01,0.24,-1.46,-0.06,NOK
186,301,126,254,91,182,58,121,21,68,212,140,262,69,290,21,315,-20,252,171,313,116,345,77,375,44,277,214,338,180,374,157,406,135,288,265,340,247,376,235,408,220,18.74,0.03,-0.02,0.22,1.01,0.24,-1.46,-0.06,NOK
186,301,126,254,91,182,58,121,21,68,212,140,262,69,290,21,315,-20,252,171,313,116,345,77,375,44,277,214,338,180,374,157,406,135,288,265,340,247,376,235,408,220,18.74,0.03,-0.02,0.22,1.01,0.24,-1.46,-0.06,NOK
186,301,126,254,91,182,58,121,21,68,212,140,262,69,290,21,315,-20,252,171,313,116,345,77,375,44,277,214,338,180,374,157,406,135,288,265,340,247,376,235,408,220,18.74,0.03,-0.02,0.22,1.01,0.24,-1.46,-0.06,NOK
186,301,126,254,91,182,58,121,21,68,212,140,262,69,290,21,315,-20,252,171,313,116,345,77,375,44,277,214,338,180,374,157,406,135,288,265,340,247,376,235,408,220,18.74,0.03,-0.02,0.22,1.01,0.24,-1.46,-0.06,NOK
186,301,126,254,91,182,58,121,21,68,212,140,262,69,290,21,315,-20,252,171,313,116,345,77,375,44,277,214,338,180,374,157,406,135,288,265,340,247,376,235,408,220,18.74,0.03,-0.02,0.22,1.01,0.24,-1.46,-0.06,NOK
190,307,146,260,118,193,85,133,50,80,234,163,287,110,318,72,346,38,274,197,342,152,383,120,421,93,297,238,365,208,411,183,451,160,306,284,363,272,400,259,432,243,18.74,0.03,-0.02,0.21,1.01,0.12,-1.40,0.00,NOK
190,307,146,260,118,193,85,133,50,80,234,163,287,110,318,72,346,38,274,197,342,152,383,120,421,93,297,238,365,208,411,183,451,160,306,284,363,272,400,259,432,243,18.74,0.03,-0.02,0.21,1.01,0.12,-1.40,0.00,NOK
190,307,146,260,118,193,85,133,50,80,234,163,287,110,318,72,346,38,274,197,342,152,383,120,421,93,297,238,365,208,411,183,451,160,306,284,363,272,400,259,432,243,18.74,0.03,-0.02,0.21,1.01,0.12,-1.40,0.00,NOK
190,307,146,260,118,193,85,133,50,80,234,163,287,110,318,72,346,38,274,197,342,152,383,120,421,93,297,238,365,208,411,183,451,160,306,284,363,272,400,259,432,243,18.74,0.03,-0.02,0.21,1.01,0.12,-1.40,0.00,NOK
190,307,146,260,118,193,85,133,50,80,234,163,287,110,318,72,346,38,274,197,342,152,383,120,421,93,297,238,365,208,411,183,451,160,306,284,363,272,400,259,432,243,18.74,0.03,-0.02,0.21,1.01,0.12,-1.40,0.00,NOK
190,307,146,260,118,193,85,133,50,80,234,163,287,110,318,72,346,38,274,197,342,152,383,120,421,93,297,238,365,208,411,183,451,160,306,284,363,272,400,259,432,243,18.74,0.03,-0.02,0.21,1.01,0.12,-1.40,0.00,NOK
190,307,146,260,118,193,85,133,50,80,234,163,287,110,318,72,346,38,274,197,342,152,383,120,421,93,297,238,365,208,411,183,451,160,306,284,363,272,400,259,432,243,18.74,0.03,-0.02,0.21,1.01,0.12,-1.40,0.00,NOK
190,307,146,260,118,193,85,133,50,80,234,163,287,110,318,72,346,38,274,197,342,152,383,120,421,93,297,238,365,208,411,183,451,160,306,284,363,272,400,259,432,243,18.74,0.03,-0.02,0.21,1.01,0.12,-1.40,0.00,NOK
190,307,146,260,118,193,85,133,50,80,234,163,287,110,318,72,346,38,274,197,342,152,383,120,421,93,297,238,365,208,411,183,451,160,306,284,363,272,400,259,432,243,18.74,0.03,-0.02,0.21,1.01,0.12,-1.40,0.00,NOK
190,307,146,260,118,193,85,133,50,80,234,163,287,110,318,72,346,38,274,197,342,152,383,120,421,93,297,238,365,208,411,183,451,160,306,284,363,272,400,259,432,243,18.74,0.03,-0.02,0.21,1.01,0.12,-1.40,0.00,NOK
190,307,146,260,118,193,85,133,50,80,234,163,287,110,318,72,346,38,274,197,342,152,383,120,421,93,297,238,365,208,411,183,451,160,306,284,363,272,400,259,432,243,18.74,0.03,-0.02,0.21,1.01,0.12,-1.40,0.00,NOK
190,307,146,260,118,193,85,133,50,80,234,163,287,110,318,72,346,38,274,197,342,152,383,120,421,93,297,238,365,208,411,183,451,160,306,284,363,272,400,259,432,243,18.74,0.03,-0.02,0.21,1.01,0.12,-1.40,0.00,NOK
190,307,146,260,118,193,85,133,50,80,234,163,287,110,318,72,346,38,274,197,342,152,383,120,421,93,297,238,365,208,411,183,451,160,306,284,363,272,400,259,432,243,18.74,0.03,-0.02,0.21,1.01,0.12,-1.40,0.00,NOK
190,307,146,260,118,193,85,133,50,80,234,163,287,110,318,72,346,38,274,197,342,152,383,120,421,93,297,238,365,208,411,183,451,160,306,284,363,272,400,259,432,243,18.74,0.03,-0.02,0.21,1.01,0.12,-1.40,0.00,NOK
190,307,146,260,118,193,85,133,50,80,234,163,287,110,318,72,346,38,274,197,342,152,383,120,421,93,297,238,365,208,411,183,451,160,306,284,363,272,400,259,432,243,18.74,0.03,-0.02,0.21,1.01,0.12,-1.40,0.00,NOK
190,307,146,260,118,193,85,133,50,80,234,163,287,110,318,72,346,38,274,197,342,152,383,120,421,93,297,238,365,208,411,183,451,160,306,284,363,272,400,259,432,243,18.74,0.03,-0.02,0.21,1.01,0.12,-1.40,0.00,NOK
190,307,146,260,118,193,85,133,50,80,234,163,287,110,318,72,346,38,274,197,342,152,383,120,421,93,297,238,365,208,411,183,451,160,306,284,363,272,400,259,432,243,18.74,0.03,-0.02,0.21,1.01,0.12,-1.40,0.00,NOK
190,307,146,260,118,193,85,133,50,80,234,163,287,110,318,72,346,38,274,197,342,152,383,120,421,93,297,238,365,208,411,183,451,160,306,284,363,272,400,259,432,243,18.74,0.03,-0.02,0.21,1.01,0.12,-1.40,0.00,NOK
190,307,146,260,118,193,85,133,50,80,234,163,287,110,318,72,346,38,274,197,342,152,383,120,421,93,297,238,365,208,411,183,451,160,306,284,363,272,400,259,432,243,18.74,0.03,-0.02,0.21,1.01,0.12,-1.40,0.00,NOK
190,307,146,260,118,193,85,133,50,80,234,163,287,110,318,72,346,38,274,197,342,152,383,120,421,93,297,238,365,208,411,183,451,160,306,284,363,272,400,259,432,243,18.74,0.03,-0.02,0.21,1.01,0.12,-1.40,0.00,NOK
190,307,146,260,118,193,85,133,50,80,234,163,287,110,318,72,346,38,274,197,342,152,383,120,421,93,297,238,365,208,411,183,451,160,306,284,363,272,400,259,432,243,18.74,0.03,-0.02,0.21,1.01,0.12,-1.40,0.00,NOK
179,313,149,265,129,206,101,150,71,98,255,174,308,124,344,88,378,58,293,205,362,165,405,137,446,110,315,243,384,215,429,188,470,162,324,287,386,275,428,258,465,238,18.74,0.03,-0.02,0.21,1.01,0.12,-1.40,0.00,NOK
179,313,149,265,129,206,101,150,71,98,255,174,308,124,344,88,378,58,293,205,362,165,405,137,446,110,315,243,384,215,429,188,470,162,324,287,386,275,428,258,465,238,18.74,0.03,-0.02,0.21,1.01,0.12,-1.40,0.00,NOK
179,313,149,265,129,206,101,150,71,98,255,174,308,124,344,88,378,58,293,205,362,165,405,137,446,110,315,243,384,215,429,188,470,162,324,287,386,275,428,258,465,238,18.74,0.03,-0.02,0.21,1.01,0.12,-1.40,0.00,NOK
179,313,149,265,129,206,101,150,71,98,255,174,308,124,344,88,378,58,293,205,362,165,405,137,446,110,315,243,384,215,429,188,470,162,324,287,386,275,428,258,465,238,18.74,0.03,-0.02,0.21,1.01,0.12,-1.40,0.00,NOK
179,313,149,265,129,206,101,150,71,98,255,174,308,124,344,88,378,58,293,205,362,165,405,137,446,110,315,243,384,215,429,188,470,162,324,287,386,275,428,258,465,238,18.74,0.03,-0.02,0.21,1.01,0.12,-1.40,0.00,NOK
179,313,149,265,129,206,101,150,71,98,255,174,308,124,344,88,378,58,293,205,362,165,405,137,446,110,315,243,384,215,429,188,470,162,324,287,386,275,428,258,465,238,18.74,0.03,-0.02,0.21,1.01,0.12,-1.40,0.00,NOK
179,313,149,265,129,206,101,150,71,98,255,174,308,124,344,88,378,58,293,205,362,165,405,137,446,110,315,243,384,215,429,188,470,162,324,287,386,275,428,258,465,238,18.74,0.03,-0.02,0.21,1.01,0.12,-1.40,0.00,NOK
179,313,149,265,129,206,101,150,71,98,255,174,308,124,344,88,378,58,293,205,362,165,405,137,446,110,315,243,384,215,429,188,470,162,324,287,386,275,428,258,465,238,18.74,0.03,-0.02,0.21,1.01,0.12,-1.40,0.00,NOK
179,313,149,265,129,206,101,150,71,98,255,174,308,124,344,88,378,58,293,205,362,165,405,137,446,110,315,243,384,215,429,188,470,162,324,287,386,275,428,258,465,238,18.74,0.03,-0.02,0.21,1.01,0.12,-1.40,0.00,NOK
179,313,149,265,129,206,101,150,71,98,255,174,308,124,344,88,378,58,293,205,362,165,405,137,446,110,315,243,384,215,429,188,470,162,324,287,386,275,428,258,465,238,18.74,0.03,-0.02,0.21,1.01,0.12,-1.40,0.00,NOK
179,313,149,265,129,206,101,150,71,98,255,174,308,124,344,88,378,58,293,205,362,165,405,137,446,110,315,243,384,215,429,188,470,162,324,287,386,275,428,258,465,238,18.74,0.03,-0.02,0.21,1.01,0.12,-1.40,0.00,NOK
179,313,149,265,129,206,101,150,71,98,255,174,308,124,344,88,378,58,293,205,362,165,405,137,446,110,315,243,384,215,429,188,470,162,324,287,386,275,428,258,465,238,18.74,0.03,-0.02,0.21,1.01,0.12,-1.40,0.00,NOK
179,313,149,265,129,206,101,150,71,98,255,174,308,124,344,88,378,58,293,205,362,165,405,137,446,110,315,243,384,215,429,188,470,162,324,287,386,275,428,258,465,238,18.74,0.03,-0.02,0.21,1.01,0.12,-1.40,0.00,NOK
179,313,149,265,129,206,101,150,71,98,255,174,308,124,344,88,378,58,293,205,362,165,405,137,446,110,315,243,384,215,429,188,470,162,324,287,386,275,428,258,465,238,18.74,0.03,-0.02,0.21,1.01,0.12,-1.40,0.00,NOK
179,313,149,265,129,206,101,150,71,98,255,174,308,124,344,88,378,58,293,205,362,165,405,137,446,110,315,243,384,215,429,188,470,162,324,287,386,275,428,258,465,238,18.74,0.03,-0.02,0.21,1.01,0.12,-1.40,0.00,NOK
179,313,149,265,129,206,101,150,71,98,255,174,308,124,344,88,378,58,293,205,362,165,405,137,446,110,315,243,384,215,429,188,470,162,324,287,386,275,428,258,465,238,18.74,0.03,-0.02,0.21,1.01,0.12,-1.40,0.00,NOK
179,313,149,265,129,206,101,150,71,98,255,174,308,124,344,88,378,58,293,205,362,165,405,137,446,110,315,243,384,215,429,188,470,162,324,287,386,275,428,258,465,238,18.74,0.03,-0.02,0.21,1.01,0.12,-1.40,0.00,NOK
179,313,149,265,129,206,101,150,71,98,255,174,308,124,344,88,378,58,293,205,362,165,405,137,446,110,315,243,384,215,429,188,470,162,324,287,386,275,428,258,465,238,18.74,0.03,-0.02,0.21,1.01,0.12,-1.40,0.00,NOK
179,313,149,265,129,206,101,150,71,98,255,174,308,124,344,88,378,58,293,205,362,165,405,137,446,110,315,243,384,215,429,188,470,162,324,287,386,275,428,258,465,238,18.74,0.03,-0.02,0.21,1.01,0.12,-1.40,0.00,NOK
179,313,149,265,129,206,101,150,71,98,255,174,308,124,344,88,378,58,293,205,362,165,405,137,446,110,315,243,384,215,429,188,470,162,324,287,386,275,428,258,465,238,18.74,0.03,-0.02,0.21,1.01,0.12,-1.40,0.00,NOK
179,313,149,265,129,206,101,150,71,98,255,174,308,124,344,88,378,58,293,205,362,165,405,137,446,110,315,243,384,215,429,188,470,162,324,287,386,275,428,258,465,238,18.74,0.03,-0.02,0.21,1.01,0.12,-1.40,0.00,NOK
181,316,157,264,142,206,116,151,91,102,270,185,324,138,360,106,394,81,306,217,373,174,416,145,454,121,325,256,391,225,433,200,468,174,330,299,385,291,419,283,445,271,18.74,0.03,-0.02,0.21,1.01,0.12,-1.46,0.00,NOK
181,316,157,264,142,206,116,151,91,102,270,185,324,138,360,106,394,81,306,217,373,174,416,145,454,121,325,256,391,225,433,200,468,174,330,299,385,291,419,283,445,271,18.74,0.03,-0.02,0.21,1.01,0.12,-1.46,0.00,NOK
181,316,157,264,142,206,116,151,91,102,270,185,324,138,360,106,394,81,306,217,373,174,416,145,454,121,325,256,391,225,433,200,468,174,330,299,385,291,419,283,445,271,18.74,0.03,-0.02,0.21,1.01,0.12,-1.46,0.00,NOK
181,316,157,264,142,206,116,151,91,102,270,185,324,138,360,106,394,81,306,217,373,174,416,145,454,121,325,256,391,225,433,200,468,174,330,299,385,291,419,283,445,271,18.74,0.03,-0.02,0.21,1.01,0.12,-1.46,0.00,NOK
181,316,157,264,142,206,116,151,91,102,270,185,324,138,360,106,394,81,306,217,373,174,416,145,454,121,325,256,391,225,433,200,468,174,330,299,385,291,419,283,445,271,18.74,0.03,-0.02,0.21,1.01,0.12,-1.46,0.00,NOK
181,316,157,264,142,206,116,151,91,102,270,185,324,138,360,106,394,81,306,217,373,174,416,145,454,121,325,256,391,225,433,200,468,174,330,299,385,291,419,283,445,271,18.74,0.03,-0.02,0.21,1.01,0.12,-1.46,0.00,NOK
181,316,157,264,142,206,116,151,91,102,270,185,324,138,360,106,394,81,306,217,373,174,416,145,454,121,325,256,391,225,433,200,468,174,330,299,385,291,419,283,445,271,18.74,0.03,-0.02,0.21,1.01,0.12,-1.46,0.00,NOK
181,316,157,264,142,206,116,151,91,102,270,185,324,138,360,106,394,81,306,217,373,174,416,145,454,121,325,256,391,225,433,200,468,174,330,299,385,291,419,283,445,271,18.74,0.03,-0.02,0.21,1.01,0.12,-1.46,0.00,NOK
181,316,157,264,142,206,116,151,91,102,270,185,324,138,360,106,394,81,306,217,373,174,416,145,454,121,325,256,391,225,433,200,468,174,330,299,385,291,419,283,445,271,18.74,0.03,-0.02,0.21,1.01,0.12,-1.46,0.00,NOK
181,316,157,264,142,206,116,151,91,102,270,185,324,138,360,106,394,81,306,217,373,174,416,145,454,121,325,256,391,225,433,200,468,174,330,299,385,291,419,283,445,271,18.74,0.03,-0.02,0.21,1.01,0.12,-1.46,0.00,NOK
181,316,157,264,142,206,116,151,91,102,270,185,324,138,360,106,394,81,306,217,373,174,416,145,454,121,325,256,391,225,433,200,468,174,330,299,385,291,419,283,445,271,18.74,0.03,-0.02,0.21,1.01,0.12,-1.46,0.00,NOK
181,316,157,264,142,206,116,151,91,102,270,185,324,138,360,106,394,81,306,217,373,174,416,145,454,121,325,256,391,225,433,200,468,174,330,299,385,291,419,283,445,271,18.74,0.03,-0.02,0.21,1.01,0.12,-1.46,0.00,NOK
181,316,157,264,142,206,116,151,91,102,270,185,324,138,360,106,394,81,306,217,373,174,416,145,454,121,325,256,391,225,433,200,468,174,330,299,385,291,419,283,445,271,18.74,0.03,-0.02,0.21,1.01,0.12,-1.46,0.00,NOK
181,316,157,264,142,206,116,151,91,102,270,185,324,138,360,106,394,81,306,217,373,174,416,145,454,121,325,256,391,225,433,200,468,174,330,299,385,291,419,283,445,271,18.74,0.03,-0.02,0.21,1.01,0.12,-1.46,0.00,NOK
181,316,157,264,142,206,116,151,91,102,270,185,324,138,360,106,394,81,306,217,373,174,416,145,454,121,325,256,391,225,433,200,468,174,330,299,385,291,419,283,445,271,18.74,0.03,-0.02,0.21,1.01,0.12,-1.46,0.00,NOK
181,316,157,264,142,206,116,151,91,102,270,185,324,138,360,106,394,81,306,217,373,174,416,145,454,121,325,256,391,225,433,200,468,174,330,299,385,291,419,283,445,271,18.74,0.03,-0.02,0.21,1.01,0.12,-1.46,0.00,NOK
181,316,157,264,142,206,116,151,91,102,270,185,324,138,360,106,394,81,306,217,373,174,416,145,454,121,325,256,391,225,433,200,468,174,330,299,385,291,419,283,445,271,18.74,0.03,-0.02,0.21,1.01,0.12,-1.46,0.00,NOK
181,316,157,264,142,206,116,151,91,102,270,185,324,138,360,106,394,81,306,217,373,174,416,145,454,121,325,256,391,225,433,200,468,174,330,299,385,291,419,283,445,271,18.74,0.03,-0.02,0.21,1.01,0.12,-1.46,0.00,NOK
181,316,157,264,142,206,116,151,91,102,270,185,324,138,360,106,394,81,306,217,373,174,416,145,454,121,325,256,391,225,433,200,468,174,330,299,385,291,419,283,445,271,18.74,0.03,-0.02,0.21,1.01,0.12,-1.46,0.00,NOK
181,316,157,264,142,206,116,151,91,102,270,185,324,138,360,106,394,81,306,217,373,174,416,145,454,121,325,256,391,225,433,200,468,174,330,299,385,291,419,283,445,271,18.74,0.03,-0.02,0.21,1.01,0.12,-1.46,0.00,NOK
181,316,157,264,142,206,116,151,91,102,270,185,324,138,360,106,394,81,306,217,373,174,416,145,454,121,325,256,391,225,433,200,468,174,330,299,385,291,419,283,445,271,18.74,0.03,-0.02,0.21,1.01,0.12,-1.46,0.00,NOK
178,318,159,262,151,204,130,148,109,99,282,192,341,150,380,122,414,101,316,225,386,184,431,157,469,134,331,265,399,238,443,216,478,194,332,308,386,303,419,300,445,294,18.74,0.03,-0.02,0.21,1.01,0.12,-1.46,0.00,NOK
178,318,159,262,151,204,130,148,109,99,282,192,341,150,380,122,414,101,316,225,386,184,431,157,469,134,331,265,399,238,443,216,478,194,332,308,386,303,419,300,445,294,18.74,0.03,-0.02,0.21,1.01,0.12,-1.46,0.00,NOK
178,318,159,262,151,204,130,148,109,99,282,192,341,150,380,122,414,101,316,225,386,184,431,157,469,134,331,265,399,238,443,216,478,194,332,308,386,303,419,300,445,294,18.74,0.03,-0.02,0.21,1.01,0.12,-1.46,0.00,NOK
178,318,159,262,151,204,130,148,109,99,282,192,341,150,380,122,414,101,316,225,386,184,431,157,469,134,331,265,399,238,443,216,478,194,332,308,386,303,419,300,445,294,18.74,0.03,-0.02,0.21,1.01,0.12,-1.46,0.00,NOK
178,318,159,262,151,204,130,148,109,99,282,192,341,150,380,122,414,101,316,225,386,184,431,157,469,134,331,265,399,238,443,216,478,194,332,308,386,303,419,300,445,294,18.74,0.03,-0.02,0.21,1.01,0.12,-1.46,0.00,NOK
178,318,159,262,151,204,130,148,109,99,282,192,341,150,380,122,414,101,316,225,386,184,431,157,469,134,331,265,399,238,443,216,478,194,332,308,386,303,419,300,445,294,18.74,0.03,-0.02,0.21,1.01,0.12,-1.46,0.00,NOK
178,318,159,262,151,204,130,148,109,99,282,192,341,150,380,122,414,101,316,225,386,184,431,157,469,134,331,265,399,238,443,216,478,194,332,308,386,303,419,300,445,294,18.74,0.03,-0.02,0.21,1.01,0.12,-1.46,0.00,NOK
178,318,159,262,151,204,130,148,109,99,282,192,341,150,380,122,414,101,316,225,386,184,431,157,469,134,331,265,399,238,443,216,478,194,332,308,386,303,419,300,445,294,18.74,0.03,-0.02,0.21,1.01,0.12,-1.46,0.00,NOK
178,318,159,262,151,204,130,148,109,99,282,192,341,150,380,122,414,101,316,225,386,184,431,157,469,134,331,265,399,238,443,216,478,194,332,308,386,303,419,300,445,294,18.74,0.03,-0.02,0.21,1.01,0.12,-1.46,0.00,NOK
178,318,159,262,151,204,130,148,109,99,282,192,341,150,380,122,414,101,316,225,386,184,431,157,469,134,331,265,399,238,443,216,478,194,332,308,386,303,419,300,445,294,18.74,0.03,-0.02,0.21,1.01,0.12,-1.46,0.00,NOK
178,318,159,262,151,204,130,148,109,99,282,192,341,150,380,122,414,101,316,225,386,184,431,157,469,134,331,265,399,238,443,216,478,194,332,308,386,303,419,300,445,294,18.74,0.03,-0.02,0.21,1.01,0.12,-1.46,0.00,NOK
178,318,159,262,151,204,130,148,109,99,282,192,341,150,380,122,414,101,316,225,386,184,431,157,469,134,331,265,399,238,443,216,478,194,332,308,386,303,419,300,445,294,18.74,0.03,-0.02,0.21,1.01,0.12,-1.46,0.00,NOK
178,318,159,262,151,204,130,148,109,99,282,192,341,150,380,122,414,101,316,225,386,184,431,157,469,134,331,265,399,238,443,216,478,194,332,308,386,303,419,300,445,294,18.74,0.03,-0.02,0.21,1.01,0.12,-1.46,0.00,NOK
178,318,159,262,151,204,130,148,109,99,282,192,341,150,380,122,414,101,316,225,386,184,431,157,469,134,331,265,399,238,443,216,478,194,332,308,386,303,419,300,445,294,18.74,0.03,-0.02,0.21,1.01,0.12,-1.46,0.00,NOK
178,318,159,262,151,204,130,148,109,99,282,192,341,150,380,122,414,101,316,225,386,184,431,157,469,134,331,265,399,238,443,216,478,194,332,308,386,303,419,300,445,294,18.74,0.03,-0.02,0.21,1.01,0.12,-1.46,0.00,NOK
178,318,159,262,151,204,130,148,109,99,282,192,341,150,380,122,414,101,316,225,386,184,431,157,469,134,331,265,399,238,443,216,478,194,332,308,386,303,419,300,445,294,18.74,0.03,-0.02,0.21,1.01,0.12,-1.46,0.00,NOK
178,318,159,262,151,204,130,148,109,99,282,192,341,150,380,122,414,101,316,225,386,184,431,157,469,134,331,265,399,238,443,216,478,194,332,308,386,303,419,300,445,294,18.74,0.03,-0.02,0.21,1.01,0.12,-1.46,0.00,NOK
178,318,159,262,151,204,130,148,109,99,282,192,341,150,380,122,414,101,316,225,386,184,431,157,469,134,331,265,399,238,443,216,478,194,332,308,386,303,419,300,445,294,18.74,0.03,-0.02,0.21,1.01,0.12,-1.46,0.00,NOK
178,318,159,262,151,204,130,148,109,99,282,192,341,150,380,122,414,101,316,225,386,184,431,157,469,134,331,265,399,238,443,216,478,194,332,308,386,303,419,300,445,294,18.74,0.03,-0.02,0.21,1.01,0.12,-1.46,0.00,NOK
178,318,159,262,151,204,130,148,109,99,282,192,341,150,380,122,414,101,316,225,386,184,431,157,469,134,331,265,399,238,443,216,478,194,332,308,386,303,419,300,445,294,18.74,0.03,-0.02,0.21,1.01,0.12,-1.46,0.00,NOK
178,318,159,262,151,204,130,148,109,99,282,192,341,150,380,122,414,101,316,225,386,184,431,157,469,134,331,265,399,238,443,216,478,194,332,308,386,303,419,300,445,294,18.74,0.03,-0.02,0.21,1.01,0.12,-1.46,0.00,NOK
172,320,157,262,154,204,136,149,116,102,290,196,349,156,388,128,420,106,319,231,389,191,432,165,467,145,329,271,399,246,441,226,475,206,325,315,376,312,407,308,431,302,18.74,0.03,-0.02,0.21,1.01,0.12,-1.46,0.00,NOK
172,320,157,262,154,204,136,149,116,102,290,196,349,156,388,128,420,106,319,231,389,191,432,165,467,145,329,271,399,246,441,226,475,206,325,315,376,312,407,308,431,302,18.74,0.03,-0.02,0.21,1.01,0.12,-1.46,0.00,NOK
172,320,157,262,154,204,136,149,116,102,290,196,349,156,388,128,420,106,319,231,389,191,432,165,467,145,329,271,399,246,441,226,475,206,325,315,376,312,407,308,431,302,18.74,0.03,-0.02,0.21,1.01,0.12,-1.46,0.00,NOK
172,320,157,262,154,204,136,149,116,102,290,196,349,156,388,128,420,106,319,231,389,191,432,165,467,145,329,271,399,246,441,226,475,206,325,315,376,312,407,308,431,302,18.74,0.03,-0.02,0.21,1.01,0.12,-1.46,0.00,NOK
172,320,157,262,154,204,136,149,116,102,290,196,349,156,388,128,420,106,319,231,389,191,432,165,467,145,329,271,399,246,441,226,475,206,325,315,376,312,407,308,431,302,18.74,0.03,-0.02,0.21,1.01,0.12,-1.46,0.00,NOK
172,320,157,262,154,204,136,149,116,102,290,196,349,156,388,128,420,106,319,231,389,191,432,165,467,145,329,271,399,246,441,226,475,206,325,315,376,312,407,308,431,302,18.74,0.03,-0.02,0.21,1.01,0.12,-1.46,0.00,NOK
172,320,157,262,154,204,136,149,116,102,290,196,349,156,388,128,420,106,319,231,389,191,432,165,467,145,329,271,399,246,441,226,475,206,325,315,376,312,407,308,431,302,18.74,0.03,-0.02,0.21,1.01,0.12,-1.46,0.00,NOK
172,320,157,262,154,204,136,149,116,102,290,196,349,156,388,128,420,106,319,231,389,191,432,165,467,145,329,271,399,246,441,226,475,206,325,315,376,312,407,308,431,302,18.74,0.03,-0.02,0.21,1.01,0.12,-1.46,0.00,NOK
172,320,157,262,154,204,136,149,116,102,290,196,349,156,388,128,420,106,319,231,389,191,432,165,467,145,329,271,399,246,441,226,475,206,325,315,376,312,407,308,431,302,18.74,0.03,-0.02,0.21,1.01,0.12,-1.46,0.00,NOK
172,320,157,262,154,204,136,149,116,102,290,196,349,156,388,128,420,106,319,231,389,191,432,165,467,145,329,271,399,246,441,226,475,206,325,315,376,312,407,308,431,302,18.74,0.03,-0.02,0.21,1.01,0.12,-1.46,0.00,NOK
172,320,157,262,154,204,136,149,116,102,290,196,349,156,388,128,420,106,319,231,389,191,432,165,467,145,329,271,399,246,441,226,475,206,325,315,376,312,407,308,431,302,18.74,0.03,-0.02,0.21,1.01,0.12,-1.46,0.00,NOK
172,320,157,262,154,204,136,149,116,102,290,196,349,156,388,128,420,106,319,231,389,191,432,165,467,145,329,271,399,246,441,226,475,206,325,315,376,312,407,308,431,302,18.74,0.03,-0.02,0.21,1.01,0.12,-1.46,0.00,NOK
172,320,157,262,154,204,136,149,116,102,290,196,349,156,388,128,420,106,319,231,389,191,432,165,467,145,329,271,399,246,441,226,475,206,325,315,376,312,407,308,431,302,18.74,0.03,-0.02,0.21,1.01,0.12,-1.46,0.00,NOK
172,320,157,262,154,204,136,149,116,102,290,196,349,156,388,128,420,106,319,231,389,191,432,165,467,145,329,271,399,246,441,226,475,206,325,315,376,312,407,308,431,302,18.74,0.03,-0.02,0.21,1.01,0.12,-1.46,0.00,NOK
172,320,157,262,154,204,136,149,116,102,290,196,349,156,388,128,420,106,319,231,389,191,432,165,467,145,329,271,399,246,441,226,475,206,325,315,376,312,407,308,431,302,18.74,0.03,-0.02,0.21,1.01,0.12,-1.46,0.00,NOK
172,320,157,262,154,204,136,149,116,102,290,196,349,156,388,128,420,106,319,231,389,191,432,165,467,145,329,271,399,246,441,226,475,206,325,315,376,312,407,308,431,302,18.74,0.03,-0.02,0.21,1.01,0.12,-1.46,0.00,NOK
172,320,157,262,154,204,136,149,116,102,290,196,349,156,388,128,420,106,319,231,389,191,432,165,467,145,329,271,399,246,441,226,475,206,325,315,376,312,407,308,431,302,18.74,0.03,-0.02,0.21,1.01,0.12,-1.46,0.00,NOK
172,320,157,262,154,204,136,149,116,102,290,196,349,156,388,128,420,106,319,231,389,191,432,165,467,145,329,271,399,246,441,226,475,206,325,315,376,312,407,308,431,302,18.74,0.03,-0.02,0.21,1.01,0.12,-1.46,0.00,NOK
172,320,157,262,154,204,136,149,116,102,290,196,349,156,388,128,420,106,319,231,389,191,432,165,467,145,329,271,399,246,441,226,475,206,325,315,376,312,407,308,431,302,18.74,0.03,-0.02,0.21,1.01,0.12,-1.46,0.00,NOK
172,320,157,262,154,204,136,149,116,102,290,196,349,156,388,128,420,106,319,231,389,191,432,165,467,145,329,271,399,246,441,226,475,206,325,315,376,312,407,308,431,302,18.74,0.03,-0.02,0.21,1.01,0.12,-1.46,0.00,NOK
172,320,157,262,154,204,136,149,116,102,290,196,349,156,388,128,420,106,319,231,389,191,432,165,467,145,329,271,399,246,441,226,475,206,325,315,376,312,407,308,431,302,18.74,0.03,-0.02,0.21,1.01,0.12,-1.46,0.00,NOK
173,317,159,260,157,203,139,149,119,101,291,197,352,160,391,133,424,112,320,234,393,197,437,171,474,150,330,275,401,247,442,226,474,206,327,318,381,314,415,308,443,300,18.74,0.03,-0.03,0.21,1.01,-0.18,-1.04,-0.06,NOK
173,317,159,260,157,203,139,149,119,101,291,197,352,160,391,133,424,112,320,234,393,197,437,171,474,150,330,275,401,247,442,226,474,206,327,318,381,314,415,308,443,300,18.74,0.03,-0.03,0.21,1.01,-0.18,-1.04,-0.06,NOK
173,317,159,260,157,203,139,149,119,101,291,197,352,160,391,133,424,112,320,234,393,197,437,171,474,150,330,275,401,247,442,226,474,206,327,318,381,314,415,308,443,300,18.74,0.03,-0.03,0.21,1.01,-0.18,-1.04,-0.06,NOK
173,317,159,260,157,203,139,149,119,101,291,197,352,160,391,133,424,112,320,234,393,197,437,171,474,150,330,275,401,247,442,226,474,206,327,318,381,314,415,308,443,300,18.74,0.03,-0.03,0.21,1.01,-0.18,-1.04,-0.06,NOK
173,317,159,260,157,203,139,149,119,101,291,197,352,160,391,133,424,112,320,234,393,197,437,171,474,150,330,275,401,247,442,226,474,206,327,318,381,314,415,308,443,300,18.74,0.03,-0.03,0.21,1.01,-0.18,-1.04,-0.06,NOK
173,317,159,260,157,203,139,149,119,101,291,197,352,160,391,133,424,112,320,234,393,197,437,171,474,150,330,275,401,247,442,226,474,206,327,318,381,314,415,308,443,300,18.74,0.03,-0.03,0.21,1.01,-0.18,-1.04,-0.06,NOK
173,317,159,260,157,203,139,149,119,101,291,197,352,160,391,133,424,112,320,234,393,197,437,171,474,150,330,275,401,247,442,226,474,206,327,318,381,314,415,308,443,300,18.74,0.03,-0.03,0.21,1.01,-0.18,-1.04,-0.06,NOK
173,317,159,260,157,203,139,149,119,101,291,197,352,160,391,133,424,112,320,234,393,197,437,171,474,150,330,275,401,247,442,226,474,206,327,318,381,314,415,308,443,300,18.74,0.03,-0.03,0.21,1.01,-0.18,-1.04,-0.06,NOK
173,317,159,260,157,203,139,149,119,101,291,197,352,160,391,133,424,112,320,234,393,197,437,171,474,150,330,275,401,247,442,226,474,206,327,318,381,314,415,308,443,300,18.74,0.03,-0.03,0.21,1.01,-0.18,-1.04,-0.06,NOK
173,317,159,260,157,203,139,149,119,101,291,197,352,160,391,133,424,112,320,234,393,197,437,171,474,150,330,275,401,247,442,226,474,206,327,318,381,314,415,308,443,300,18.74,0.03,-0.03,0.21,1.01,-0.18,-1.04,-0.06,NOK
173,317,159,260,157,203,139,149,119,101,291,197,352,160,391,133,424,112,320,234,393,197,437,171,474,150,330,275,401,247,442,226,474,206,327,318,381,314,415,308,443,300,18.74,0.03,-0.03,0.21,1.01,-0.18,-1.04,-0.06,NOK
173,317,159,260,157,203,139,149,119,101,291,197,352,160,391,133,424,112,320,234,393,197,437,171,474,150,330,275,401,247,442,226,474,206,327,318,381,314,415,308,443,300,18.74,0.03,-0.03,0.21,1.01,-0.18,-1.04,-0.06,NOK
173,317,159,260,157,203,139,149,119,101,291,197,352,160,391,133,424,112,320,234,393,197,437,171,474,150,330,275,401,247,442,226,474,206,327,318,381,314,415,308,443,300,18.74,0.03,-0.03,0.21,1.01,-0.18,-1.04,-0.06,NOK
173,317,159,260,157,203,139,149,119,101,291,197,352,160,391,133,424,112,320,234,393,197,437,171,474,150,330,275,401,247,442,226,474,206,327,318,381,314,415,308,443,300,18.74,0.03,-0.03,0.21,1.01,-0.18,-1.04,-0.06,NOK
173,317,159,260,157,203,139,149,119,101,291,197,352,160,391,133,424,112,320,234,393,197,437,171,474,150,330,275,401,247,442,226,474,206,327,318,381,314,415,308,443,300,18.74,0.03,-0.03,0.21,1.01,-0.18,-1.04,-0.06,NOK
173,317,159,260,157,203,139,149,119,101,291,197,352,160,391,133,424,112,320,234,393,197,437,171,474,150,330,275,401,247,442,226,474,206,327,318,381,314,415,308,443,300,18.74,0.03,-0.03,0.21,1.01,-0.18,-1.04,-0.06,NOK
173,317,159,260,157,203,139,149,119,101,291,197,352,160,391,133,424,112,320,234,393,197,437,171,474,150,330,275,401,247,442,226,474,206,327,318,381,314,415,308,443,300,18.74,0.03,-0.03,0.21,1.01,-0.18,-1.04,-0.06,NOK
173,317,159,260,157,203,139,149,119,101,291,197,352,160,391,133,424,112,320,234,393,197,437,171,474,150,330,275,401,247,442,226,474,206,327,318,381,314,415,308,443,300,18.74,0.03,-0.03,0.21,1.01,-0.18,-1.04,-0.06,NOK
173,317,159,260,157,203,139,149,119,101,291,197,352,160,391,133,424,112,320,234,393,197,437,171,474,150,330,275,401,247,442,226,474,206,327,318,381,314,415,308,443,300,18.74,0.03,-0.03,0.21,1.01,-0.18,-1.04,-0.06,NOK
173,317,159,260,157,203,139,149,119,101,291,197,352,160,391,133,424,112,320,234,393,197,437,171,474,150,330,275,401,247,442,226,474,206,327,318,381,314,415,308,443,300,18.74,0.03,-0.03,0.21,1.01,-0.18,-1.04,-0.06,NOK
173,317,159,260,157,203,139,149,119,101,291,197,352,160,391,133,424,112,320,234,393,197,437,171,474,150,330,275,401,247,442,226,474,206,327,318,381,314,415,308,443,300,18.74,0.03,-0.03,0.21,1.01,-0.18,-1.04,-0.06,NOK
174,315,157,257,155,200,140,146,122,97,294,195,351,158,391,133,425,114,323,231,394,193,439,169,475,149,332,273,401,248,442,227,473,207,324,317,376,319,408,318,432,312,18.74,0.03,-0.03,0.21,1.01,-0.18,-1.04,-0.06,NOK
174,315,157,257,155,200,140,146,122,97,294,195,351,158,391,133,425,114,323,231,394,193,439,169,475,149,332,273,401,248,442,227,473,207,324,317,376,319,408,318,432,312,18.74,0.03,-0.03,0.21,1.01,-0.18,-1.04,-0.06,NOK
174,315,157,257,155,200,140,146,122,97,294,195,351,158,391,133,425,114,323,231,394,193,439,169,475,149,332,273,401,248,442,227,473,207,324,317,376,319,408,318,432,312,18.74,0.03,-0.03,0.21,1.01,-0.18,-1.04,-0.06,NOK
174,315,157,257,155,200,140,146,122,97,294,195,351,158,391,133,425,114,323,231,394,193,439,169,475,149,332,273,401,248,442,227,473,207,324,317,376,319,408,318,432,312,18.74,0.03,-0.03,0.21,1.01,-0.18,-1.04,-0.06,NOK
174,315,157,257,155,200,140,146,122,97,294,195,351,158,391,133,425,114,323,231,394,193,439,169,475,149,332,273,401,248,442,227,473,207,324,317,376,319,408,318,432,312,18.74,0.03,-0.03,0.21,1.01,-0.18,-1.04,-0.06,NOK
174,315,157,257,155,200,140,146,122,97,294,195,351,158,391,133,425,114,323,231,394,193,439,169,475,149,332,273,401,248,442,227,473,207,324,317,376,319,408,318,432,312,18.74,0.03,-0.03,0.21,1.01,-0.18,-1.04,-0.06,NOK
174,315,157,257,155,200,140,146,122,97,294,195,351,158,391,133,425,114,323,231,394,193,439,169,475,149,332,273,401,248,442,227,473,207,324,317,376,319,408,318,432,312,18.74,0.03,-0.03,0.21,1.01,-0.18,-1.04,-0.06,NOK
174,315,157,257,155,200,140,146,122,97,294,195,351,158,391,133,425,114,323,231,394,193,439,169,475,149,332,273,401,248,442,227,473,207,324,317,376,319,408,318,432,312,18.74,0.03,-0.03,0.21,1.01,-0.18,-1.04,-0.06,NOK
174,315,157,257,155,200,140,146,122,97,294,195,351,158,391,133,425,114,323,231,394,193,439,169,475,149,332,273,401,248,442,227,473,207,324,317,376,319,408,318,432,312,18.74,0.03,-0.03,0.21,1.01,-0.18,-1.04,-0.06,NOK
174,315,157,257,155,200,140,146,122,97,294,195,351,158,391,133,425,114,323,231,394,193,439,169,475,149,332,273,401,248,442,227,473,207,324,317,376,319,408,318,432,312,18.74,0.03,-0.03,0.21,1.01,-0.18,-1.04,-0.06,NOK
174,315,157,257,155,200,140,146,122,97,294,195,351,158,391,133,425,114,323,231,394,193,439,169,475,149,332,273,401,248,442,227,473,207,324,317,376,319,408,318,432,312,18.74,0.03,-0.03,0.21,1.01,-0.18,-1.04,-0.06,NOK
174,315,157,257,155,200,140,146,122,97,294,195,351,158,391,133,425,114,323,231,394,193,439,169,475,149,332,273,401,248,442,227,473,207,324,317,376,319,408,318,432,312,18.74,0.03,-0.03,0.21,1.01,-0.18,-1.04,-0.06,NOK
174,315,157,257,155,200,140,146,122,97,294,195,351,158,391,133,425,114,323,231,394,193,439,169,475,149,332,273,401,248,442,227,473,207,324,317,376,319,408,318,432,312,18.74,0.03,-0.03,0.21,1.01,-0.18,-1.04,-0.06,NOK
174,315,157,257,155,200,140,146,122,97,294,195,351,158,391,133,425,114,323,231,394,193,439,169,475,149,332,273,401,248,442,227,473,207,324,317,376,319,408,318,432,312,18.74,0.03,-0.03,0.21,1.01,-0.18,-1.04,-0.06,NOK
174,315,157,257,155,200,140,146,122,97,294,195,351,158,391,133,425,114,323,231,394,193,439,169,475,149,332,273,401,248,442,227,473,207,324,317,376,319,408,318,432,312,18.74,0.03,-0.03,0.21,1.01,-0.18,-1.04,-0.06,NOK
174,315,157,257,155,200,140,146,122,97,294,195,351,158,391,133,425,114,323,231,394,193,439,169,475,149,332,273,401,248,442,227,473,207,324,317,376,319,408,318,432,312,18.74,0.03,-0.03,0.21,1.01,-0.18,-1.04,-0.06,NOK
174,315,157,257,155,200,140,146,122,97,294,195,351,158,391,133,425,114,323,231,394,193,439,169,475,149,332,273,401,248,442,227,473,207,324,317,376,319,408,318,432,312,18.74,0.03,-0.03,0.21,1.01,-0.18,-1.04,-0.06,NOK
174,315,157,257,155,200,140,146,122,97,294,195,351,158,391,133,425,114,323,231,394,193,439,169,475,149,332,273,401,248,442,227,473,207,324,317,376,319,408,318,432,312,18.74,0.03,-0.03,0.21,1.01,-0.18,-1.04,-0.06,NOK
174,315,157,257,155,200,140,146,122,97,294,195,351,158,391,133,425,114,323,231,394,193,439,169,475,149,332,273,401,248,442,227,473,207,324,317,376,319,408,318,432,312,18.74,0.03,-0.03,0.21,1.01,-0.18,-1.04,-0.06,NOK
174,315,157,257,155,200,140,146,122,97,294,195,351,158,391,133,425,114,323,231,394,193,439,169,475,149,332,273,401,248,442,227,473,207,324,317,376,319,408,318,432,312,18.74,0.03,-0.03,0.21,1.01,-0.18,-1.04,-0.06,NOK
174,315,157,257,155,200,140,146,122,97,294,195,351,158,391,133,425,114,323,231,394,193,439,169,475,149,332,273,401,248,442,227,473,207,324,317,376,319,408,318,432,312,18.74,0.03,-0.03,0.21,1.01,-0.18,-1.04,-0.06,NOK
168,315,155,257,154,201,137,146,118,96,289,195,348,157,387,132,421,112,317,231,389,194,434,169,470,149,326,273,397,248,439,228,470,208,319,317,371,319,402,316,427,310,18.74,0.03,-0.02,0.22,1.01,0.12,-1.34,0.00,NOK
168,315,155,257,154,201,137,146,118,96,289,195,348,157,387,132,421,112,317,231,389,194,434,169,470,149,326,273,397,248,439,228,470,208,319,317,371,319,402,316,427,310,18.74,0.03,-0.02,0.22,1.01,0.12,-1.34,0.00,NOK
168,315,155,257,154,201,137,146,118,96,289,195,348,157,387,132,421,112,317,231,389,194,434,169,470,149,326,273,397,248,439,228,470,208,319,317,371,319,402,316,427,310,18.74,0.03,-0.02,0.22,1.01,0.12,-1.34,0.00,NOK
168,315,155,257,154,201,137,146,118,96,289,195,348,157,387,132,421,112,317,231,389,194,434,169,470,149,326,273,397,248,439,228,470,208,319,317,371,319,402,316,427,310,18.74,0.03,-0.02,0.22,1.01,0.12,-1.34,0.00,NOK
168,315,155,257,154,201,137,146,118,96,289,195,348,157,387,132,421,112,317,231,389,194,434,169,470,149,326,273,397,248,439,228,470,208,319,317,371,319,402,316,427,310,18.74,0.03,-0.02,0.22,1.01,0.12,-1.34,0.00,NOK
168,315,155,257,154,201,137,146,118,96,289,195,348,157,387,132,421,112,317,231,389,194,434,169,470,149,326,273,397,248,439,228,470,208,319,317,371,319,402,316,427,310,18.74,0.03,-0.02,0.22,1.01,0.12,-1.34,0.00,NOK
168,315,155,257,154,201,137,146,118,96,289,195,348,157,387,132,421,112,317,231,389,194,434,169,470,149,326,273,397,248,439,228,470,208,319,317,371,319,402,316,427,310,18.74,0.03,-0.02,0.22,1.01,0.12,-1.34,0.00,NOK
168,315,155,257,154,201,137,146,118,96,289,195,348,157,387,132,421,112,317,231,389,194,434,169,470,149,326,273,397,248,439,228,470,208,319,317,371,319,402,316,427,310,18.74,0.03,-0.02,0.22,1.01,0.12,-1.34,0.00,NOK
168,315,155,257,154,201,137,146,118,96,289,195,348,157,387,132,421,112,317,231,389,194,434,169,470,149,326,273,397,248,439,228,470,208,319,317,371,319,402,316,427,310,18.74,0.03,-0.02,0.22,1.01,0.12,-1.34,0.00,NOK
168,315,155,257,154,201,137,146,118,96,289,195,348,157,387,132,421,112,317,231,389,194,434,169,470,149,326,273,397,248,439,228,470,208,319,317,371,319,402,316,427,310,18.74,0.03,-0.02,0.22,1.01,0.12,-1.34,0.00,NOK
168,315,155,257,154,201,137,146,118,96,289,195,348,157,387,132,421,112,317,231,389,194,434,169,470,149,326,273,397,248,439,228,470,208,319,317,371,319,402,316,427,310,18.74,0.03,-0.02,0.22,1.01,0.12,-1.34,0.00,NOK
168,315,155,257,154,201,137,146,118,96,289,195,348,157,387,132,421,112,317,231,389,194,434,169,470,149,326,273,397,248,439,228,470,208,319,317,371,319,402,316,427,310,18.74,0.03,-0.02,0.22,1.01,0.12,-1.34,0.00,NOK
168,315,155,257,154,201,137,146,118,96,289,195,348,157,387,132,421,112,317,231,389,194,434,169,470,149,326,273,397,248,439,228,470,208,319,317,371,319,402,316,427,310,18.74,0.03,-0.02,0.22,1.01,0.12,-1.34,0.00,NOK
168,315,155,257,154,201,137,146,118,96,289,195,348,157,387,132,421,112,317,231,389,194,434,169,470,149,326,273,397,248,439,228,470,208,319,317,371,319,402,316,427,310,18.74,0.03,-0.02,0.22,1.01,0.12,-1.34,0.00,NOK
168,315,155,257,154,201,137,146,118,96,289,195,348,157,387,132,421,112,317,231,389,194,434,169,470,149,326,273,397,248,439,228,470,208,319,317,371,319,402,316,427,310,18.74,0.03,-0.02,0.22,1.01,0.12,-1.34,0.00,NOK
168,315,155,257,154,201,137,146,118,96,289,195,348,157,387,132,421,112,317,231,389,194,434,169,470,149,326,273,397,248,439,228,470,208,319,317,371,319,402,316,427,310,18.74,0.03,-0.02,0.22,1.01,0.12,-1.34,0.00,NOK
168,315,155,257,154,201,137,146,118,96,289,195,348,157,387,132,421,112,317,231,389,194,434,169,470,149,326,273,397,248,439,228,470,208,319,317,371,319,402,316,427,310,18.74,0.03,-0.02,0.22,1.01,0.12,-1.34,0.00,NOK
168,315,155,257,154,201,137,146,118,96,289,195,348,157,387,132,421,112,317,231,389,194,434,169,470,149,326,273,397,248,439,228,470,208,319,317,371,319,402,316,427,310,18.74,0.03,-0.02,0.22,1.01,0.12,-1.34,0.00,NOK
168,315,155,257,154,201,137,146,118,96,289,195,348,157,387,132,421,112,317,231,389,194,434,169,470,149,326,273,397,248,439,228,470,208,319,317,371,319,402,316,427,310,18.74,0.03,-0.02,0.22,1.01,0.12,-1.34,0.00,NOK
168,315,155,257,154,201,137,146,118,96,289,195,348,157,387,132,421,112,317,231,389,194,434,169,470,149,326,273,397,248,439,228,470,208,319,317,371,319,402,316,427,310,18.74,0.03,-0.02,0.22,1.01,0.12,-1.34,0.00,NOK
168,315,155,257,154,201,137,146,118,96,289,195,348,157,387,132,421,112,317,231,389,194,434,169,470,149,326,273,397,248,439,228,470,208,319,317,371,319,402,316,427,310,18.74,0.03,-0.02,0.22,1.01,0.12,-1.34,0.00,NOK
167,321,151,264,149,206,129,151,109,102,285,191,344,151,383,126,417,107,315,224,386,185,431,162,469,143,327,263,397,232,440,210,475,189,324,304,378,297,410,291,436,283,18.74,0.03,-0.02,0.22,1.01,0.12,-1.34,0.00,NOK
167,321,151,264,149,206,129,151,109,102,285,191,344,151,383,126,417,107,315,224,386,185,431,162,469,143,327,263,397,232,440,210,475,189,324,304,378,297,410,291,436,283,18.74,0.03,-0.02,0.22,1.01,0.12,-1.34,0.00,NOK
167,321,151,264,149,206,129,151,109,102,285,191,344,151,383,126,417,107,315,224,386,185,431,162,469,143,327,263,397,232,440,210,475,189,324,304,378,297,410,291,436,283,18.74,0.03,-0.02,0.22,1.01,0.12,-1.34,0.00,NOK
167,321,151,264,149,206,129,151,109,102,285,191,344,151,383,126,417,107,315,224,386,185,431,162,469,143,327,263,397,232,440,210,475,189,324,304,378,297,410,291,436,283,18.74,0.03,-0.02,0.22,1.01,0.12,-1.34,0.00,NOK
167,321,151,264,149,206,129,151,109,102,285,191,344,151,383,126,417,107,315,224,386,185,431,162,469,143,327,263,397,232,440,210,475,189,324,304,378,297,410,291,436,283,18.74,0.03,-0.02,0.22,1.01,0.12,-1.34,0.00,NOK
167,321,151,264,149,206,129,151,109,102,285,191,344,151,383,126,417,107,315,224,386,185,431,162,469,143,327,263,397,232,440,210,475,189,324,304,378,297,410,291,436,283,18.74,0.03,-0.02,0.22,1.01,0.12,-1.34,0.00,NOK
167,321,151,264,149,206,129,151,109,102,285,191,344,151,383,126,417,107,315,224,386,185,431,162,469,143,327,263,397,232,440,210,475,189,324,304,378,297,410,291,436,283,18.74,0.03,-0.02,0.22,1.01,0.12,-1.34,0.00,NOK
167,321,151,264,149,206,129,151,109,102,285,191,344,151,383,126,417,107,315,224,386,185,431,162,469,143,327,263,397,232,440,210,475,189,324,304,378,297,410,291,436,283,18.74,0.03,-0.02,0.22,1.01,0.12,-1.34,0.00,NOK
167,321,151,264,149,206,129,151,109,102,285,191,344,151,383,126,417,107,315,224,386,185,431,162,469,143,327,263,397,232,440,210,475,189,324,304,378,297,410,291,436,283,18.74,0.03,-0.02,0.22,1.01,0.12,-1.34,0.00,NOK
167,321,151,264,149,206,129,151,109,102,285,191,344,151,383,126,417,107,315,224,386,185,431,162,469,143,327,263,397,232,440,210,475,189,324,304,378,297,410,291,436,283,18.74,0.03,-0.02,0.22,1.01,0.12,-1.34,0.00,NOK
167,321,151,264,149,206,129,151,109,102,285,191,344,151,383,126,417,107,315,224,386,185,431,162,469,143,327,263,397,232,440,210,475,189,324,304,378,297,410,291,436,283,18.74,0.03,-0.02,0.22,1.01,0.12,-1.34,0.00,NOK
167,321,151,264,149,206,129,151,109,102,285,191,344,151,383,126,417,107,315,224,386,185,431,162,469,143,327,263,397,232,440,210,475,189,324,304,378,297,410,291,436,283,18.74,0.03,-0.02,0.22,1.01,0.12,-1.34,0.00,NOK
167,321,151,264,149,206,129,151,109,102,285,191,344,151,383,126,417,107,315,224,386,185,431,162,469,143,327,263,397,232,440,210,475,189,324,304,378,297,410,291,436,283,18.74,0.03,-0.02,0.22,1.01,0.12,-1.34,0.00,NOK
167,321,151,264,149,206,129,151,109,102,285,191,344,151,383,126,417,107,315,224,386,185,431,162,469,143,327,263,397,232,440,210,475,189,324,304,378,297,410,291,436,283,18.74,0.03,-0.02,0.22,1.01,0.12,-1.34,0.00,NOK
167,321,151,264,149,206,129,151,109,102,285,191,344,151,383,126,417,107,315,224,386,185,431,162,469,143,327,263,397,232,440,210,475,189,324,304,378,297,410,291,436,283,18.74,0.03,-0.02,0.22,1.01,0.12,-1.34,0.00,NOK
167,321,151,264,149,206,129,151,109,102,285,191,344,151,383,126,417,107,315,224,386,185,431,162,469,143,327,263,397,232,440,210,475,189,324,304,378,297,410,291,436,283,18.74,0.03,-0.02,0.22,1.01,0.12,-1.34,0.00,NOK
167,321,151,264,149,206,129,151,109,102,285,191,344,151,383,126,417,107,315,224,386,185,431,162,469,143,327,263,397,232,440,210,475,189,324,304,378,297,410,291,436,283,18.74,0.03,-0.02,0.22,1.01,0.12,-1.34,0.00,NOK
167,321,151,264,149,206,129,151,109,102,285,191,344,151,383,126,417,107,315,224,386,185,431,162,469,143,327,263,397,232,440,210,475,189,324,304,378,297,410,291,436,283,18.74,0.03,-0.02,0.22,1.01,0.12,-1.34,0.00,NOK
167,321,151,264,149,206,129,151,109,102,285,191,344,151,383,126,417,107,315,224,386,185,431,162,469,143,327,263,397,232,440,210,475,189,324,304,378,297,410,291,436,283,18.74,0.03,-0.02,0.22,1.01,0.12,-1.34,0.00,NOK
167,321,151,264,149,206,129,151,109,102,285,191,344,151,383,126,417,107,315,224,386,185,431,162,469,143,327,263,397,232,440,210,475,189,324,304,378,297,410,291,436,283,18.74,0.03,-0.02,0.22,1.01,0.12,-1.34,0.00,NOK
167,321,151,264,149,206,129,151,109,102,285,191,344,151,383,126,417,107,315,224,386,185,431,162,469,143,327,263,397,232,440,210,475,189,324,304,378,297,410,291,436,283,18.74,0.03,-0.02,0.22,1.01,0.12,-1.34,0.00,NOK
160,314,141,261,132,207,109,153,86,106,272,179,324,139,361,112,393,91,304,212,372,174,415,146,450,121,319,250,386,219,426,192,458,166,319,292,376,284,412,273,440,258,18.74,0.03,-0.02,0.21,1.01,0.31,-1.59,0.06,NOK
160,314,141,261,132,207,109,153,86,106,272,179,324,139,361,112,393,91,304,212,372,174,415,146,450,121,319,250,386,219,426,192,458,166,319,292,376,284,412,273,440,258,18.74,0.03,-0.02,0.21,1.01,0.31,-1.59,0.06,NOK
160,314,141,261,132,207,109,153,86,106,272,179,324,139,361,112,393,91,304,212,372,174,415,146,450,121,319,250,386,219,426,192,458,166,319,292,376,284,412,273,440,258,18.74,0.03,-0.02,0.21,1.01,0.31,-1.59,0.06,NOK
160,314,141,261,132,207,109,153,86,106,272,179,324,139,361,112,393,91,304,212,372,174,415,146,450,121,319,250,386,219,426,192,458,166,319,292,376,284,412,273,440,258,18.74,0.03,-0.02,0.21,1.01,0.31,-1.59,0.06,NOK
160,314,141,261,132,207,109,153,86,106,272,179,324,139,361,112,393,91,304,212,372,174,415,146,450,121,319,250,386,219,426,192,458,166,319,292,376,284,412,273,440,258,18.74,0.03,-0.02,0.21,1.01,0.31,-1.59,0.06,NOK
160,314,141,261,132,207,109,153,86,106,272,179,324,139,361,112,393,91,304,212,372,174,415,146,450,121,319,250,386,219,426,192,458,166,319,292,376,284,412,273,440,258,18.74,0.03,-0.02,0.21,1.01,0.31,-1.59,0.06,NOK
160,314,141,261,132,207,109,153,86,106,272,179,324,139,361,112,393,91,304,212,372,174,415,146,450,121,319,250,386,219,426,192,458,166,319,292,376,284,412,273,440,258,18.74,0.03,-0.02,0.21,1.01,0.31,-1.59,0.06,NOK
160,314,141,261,132,207,109,153,86,106,272,179,324,139,361,112,393,91,304,212,372,174,415,146,450,121,319,250,386,219,426,192,458,166,319,292,376,284,412,273,440,258,18.74,0.03,-0.02,0.21,1.01,0.31,-1.59,0.06,NOK
160,314,141,261,132,207,109,153,86,106,272,179,324,139,361,112,393,91,304,212,372,174,415,146,450,121,319,250,386,219,426,192,458,166,319,292,376,284,412,273,440,258,18.74,0.03,-0.02,0.21,1.01,0.31,-1.59,0.06,NOK
160,314,141,261,132,207,109,153,86,106,272,179,324,139,361,112,393,91,304,212,372,174,415,146,450,121,319,250,386,219,426,192,458,166,319,292,376,284,412,273,440,258,18.74,0.03,-0.02,0.21,1.01,0.31,-1.59,0.06,NOK
160,314,141,261,132,207,109,153,86,106,272,179,324,139,361,112,393,91,304,212,372,174,415,146,450,121,319,250,386,219,426,192,458,166,319,292,376,284,412,273,440,258,18.74,0.03,-0.02,0.21,1.01,0.31,-1.59,0.06,NOK
160,314,141,261,132,207,109,153,86,106,272,179,324,139,361,112,393,91,304,212,372,174,415,146,450,121,319,250,386,219,426,192,458,166,319,292,376,284,412,273,440,258,18.74,0.03,-0.02,0.21,1.01,0.31,-1.59,0.06,NOK
160,314,141,261,132,207,109,153,86,106,272,179,324,139,361,112,393,91,304,212,372,174,415,146,450,121,319,250,386,219,426,192,458,166,319,292,376,284,412,273,440,258,18.74,0.03,-0.02,0.21,1.01,0.31,-1.59,0.06,NOK
160,314,141,261,132,207,109,153,86,106,272,179,324,139,361,112,393,91,304,212,372,174,415,146,450,121,319,250,386,219,426,192,458,166,319,292,376,284,412,273,440,258,18.74,0.03,-0.02,0.21,1.01,0.31,-1.59,0.06,NOK
160,314,141,261,132,207,109,153,86,106,272,179,324,139,361,112,393,91,304,212,372,174,415,146,450,121,319,250,386,219,426,192,458,166,319,292,376,284,412,273,440,258,18.74,0.03,-0.02,0.21,1.01,0.31,-1.59,0.06,NOK
160,314,141,261,132,207,109,153,86,106,272,179,324,139,361,112,393,91,304,212,372,174,415,146,450,121,319,250,386,219,426,192,458,166,319,292,376,284,412,273,440,258,18.74,0.03,-0.02,0.21,1.01,0.31,-1.59,0.06,NOK
160,314,141,261,132,207,109,153,86,106,272,179,324,139,361,112,393,91,304,212,372,174,415,146,450,121,319,250,386,219,426,192,458,166,319,292,376,284,412,273,440,258,18.74,0.03,-0.02,0.21,1.01,0.31,-1.59,0.06,NOK
160,314,141,261,132,207,109,153,86,106,272,179,324,139,361,112,393,91,304,212,372,174,415,146,450,121,319,250,386,219,426,192,458,166,319,292,376,284,412,273,440,258,18.74,0.03,-0.02,0.21,1.01,0.31,-1.59,0.06,NOK
160,314,141,261,132,207,109,153,86,106,272,179,324,139,361,112,393,91,304,212,372,174,415,146,450,121,319,250,386,219,426,192,458,166,319,292,376,284,412,273,440,258,18.74,0.03,-0.02,0.21,1.01,0.31,-1.59,0.06,NOK
160,314,141,261,132,207,109,153,86,106,272,179,324,139,361,112,393,91,304,212,372,174,415,146,450,121,319,250,386,219,426,192,458,166,319,292,376,284,412,273,440,258,18.74,0.03,-0.02,0.21,1.01,0.31,-1.59,0.06,NOK
160,314,141,261,132,207,109,153,86,106,272,179,324,139,361,112,393,91,304,212,372,174,415,146,450,121,319,250,386,219,426,192,458,166,319,292,376,284,412,273,440,258,18.74,0.03,-0.02,0.21,1.01,0.31,-1.59,0.06,NOK
148,307,126,261,115,205,88,152,60,107,246,167,300,122,337,96,370,78,282,199,350,164,396,144,436,131,299,239,366,210,413,191,454,173,301,282,355,271,393,258,428,245,18.74,0.03,-0.02,0.21,1.01,0.31,-1.59,0.06,NOK
148,307,126,261,115,205,88,152,60,107,246,167,300,122,337,96,370,78,282,199,350,164,396,144,436,131,299,239,366,210,413,191,454,173,301,282,355,271,393,258,428,245,18.74,0.03,-0.02,0.21,1.01,0.31,-1.59,0.06,NOK
148,307,126,261,115,205,88,152,60,107,246,167,300,122,337,96,370,78,282,199,350,164,396,144,436,131,299,239,366,210,413,191,454,173,301,282,355,271,393,258,428,245,18.74,0.03,-0.02,0.21,1.01,0.31,-1.59,0.06,NOK
148,307,126,261,115,205,88,152,60,107,246,167,300,122,337,96,370,78,282,199,350,164,396,144,436,131,299,239,366,210,413,191,454,173,301,282,355,271,393,258,428,245,18.74,0.03,-0.02,0.21,1.01,0.31,-1.59,0.06,NOK
148,307,126,261,115,205,88,152,60,107,246,167,300,122,337,96,370,78,282,199,350,164,396,144,436,131,299,239,366,210,413,191,454,173,301,282,355,271,393,258,428,245,18.74,0.03,-0.02,0.21,1.01,0.31,-1.59,0.06,NOK
148,307,126,261,115,205,88,152,60,107,246,167,300,122,337,96,370,78,282,199,350,164,396,144,436,131,299,239,366,210,413,191,454,173,301,282,355,271,393,258,428,245,18.74,0.03,-0.02,0.21,1.01,0.31,-1.59,0.06,NOK
148,307,126,261,115,205,88,152,60,107,246,167,300,122,337,96,370,78,282,199,350,164,396,144,436,131,299,239,366,210,413,191,454,173,301,282,355,271,393,258,428,245,18.74,0.03,-0.02,0.21,1.01,0.31,-1.59,0.06,NOK
148,307,126,261,115,205,88,152,60,107,246,167,300,122,337,96,370,78,282,199,350,164,396,144,436,131,299,239,366,210,413,191,454,173,301,282,355,271,393,258,428,245,18.74,0.03,-0.02,0.21,1.01,0.31,-1.59,0.06,NOK
148,307,126,261,115,205,88,152,60,107,246,167,300,122,337,96,370,78,282,199,350,164,396,144,436,131,299,239,366,210,413,191,454,173,301,282,355,271,393,258,428,245,18.74,0.03,-0.02,0.21,1.01,0.31,-1.59,0.06,NOK
148,307,126,261,115,205,88,152,60,107,246,167,300,122,337,96,370,78,282,199,350,164,396,144,436,131,299,239,366,210,413,191,454,173,301,282,355,271,393,258,428,245,18.74,0.03,-0.02,0.21,1.01,0.31,-1.59,0.06,NOK
148,307,126,261,115,205,88,152,60,107,246,167,300,122,337,96,370,78,282,199,350,164,396,144,436,131,299,239,366,210,413,191,454,173,301,282,355,271,393,258,428,245,18.74,0.03,-0.02,0.21,1.01,0.31,-1.59,0.06,NOK
148,307,126,261,115,205,88,152,60,107,246,167,300,122,337,96,370,78,282,199,350,164,396,144,436,131,299,239,366,210,413,191,454,173,301,282,355,271,393,258,428,245,18.74,0.03,-0.02,0.21,1.01,0.31,-1.59,0.06,NOK
148,307,126,261,115,205,88,152,60,107,246,167,300,122,337,96,370,78,282,199,350,164,396,144,436,131,299,239,366,210,413,191,454,173,301,282,355,271,393,258,428,245,18.74,0.03,-0.02,0.21,1.01,0.31,-1.59,0.06,NOK
148,307,126,261,115,205,88,152,60,107,246,167,300,122,337,96,370,78,282,199,350,164,396,144,436,131,299,239,366,210,413,191,454,173,301,282,355,271,393,258,428,245,18.74,0.03,-0.02,0.21,1.01,0.31,-1.59,0.06,NOK
148,307,126,261,115,205,88,152,60,107,246,167,300,122,337,96,370,78,282,199,350,164,396,144,436,131,299,239,366,210,413,191,454,173,301,282,355,271,393,258,428,245,18.74,0.03,-0.02,0.21,1.01,0.31,-1.59,0.06,NOK
148,307,126,261,115,205,88,152,60,107,246,167,300,122,337,96,370,78,282,199,350,164,396,144,436,131,299,239,366,210,413,191,454,173,301,282,355,271,393,258,428,245,18.74,0.03,-0.02,0.21,1.01,0.31,-1.59,0.06,NOK
148,307,126,261,115,205,88,152,60,107,246,167,300,122,337,96,370,78,282,199,350,164,396,144,436,131,299,239,366,210,413,191,454,173,301,282,355,271,393,258,428,245,18.74,0.03,-0.02,0.21,1.01,0.31,-1.59,0.06,NOK
148,307,126,261,115,205,88,152,60,107,246,167,300,122,337,96,370,78,282,199,350,164,396,144,436,131,299,239,366,210,413,191,454,173,301,282,355,271,393,258,428,245,18.74,0.03,-0.02,0.21,1.01,0.31,-1.59,0.06,NOK
148,307,126,261,115,205,88,152,60,107,246,167,300,122,337,96,370,78,282,199,350,164,396,144,436,131,299,239,366,210,413,191,454,173,301,282,355,271,393,258,428,245,18.74,0.03,-0.02,0.21,1.01,0.31,-1.59,0.06,NOK
148,307,126,261,115,205,88,152,60,107,246,167,300,122,337,96,370,78,282,199,350,164,396,144,436,131,299,239,366,210,413,191,454,173,301,282,355,271,393,258,428,245,18.74,0.03,-0.02,0.21,1.01,0.31,-1.59,0.06,NOK
148,307,126,261,115,205,88,152,60,107,246,167,300,122,337,96,370,78,282,199,350,164,396,144,436,131,299,239,366,210,413,191,454,173,301,282,355,271,393,258,428,245,18.74,0.03,-0.02,0.21,1.01,0.31,-1.59,0.06,NOK
130,305,101,261,85,204,58,150,28,106,207,159,256,116,290,89,317,70,244,188,302,148,339,127,373,112,265,228,322,189,359,171,394,159,272,272,323,252,356,238,386,225,18.74,0.03,-0.03,0.21,1.01,-0.18,-1.04,-0.06,NOK
130,305,101,261,85,204,58,150,28,106,207,159,256,116,290,89,317,70,244,188,302,148,339,127,373,112,265,228,322,189,359,171,394,159,272,272,323,252,356,238,386,225,18.74,0.03,-0.03,0.21,1.01,-0.18,-1.04,-0.06,NOK
130,305,101,261,85,204,58,150,28,106,207,159,256,116,290,89,317,70,244,188,302,148,339,127,373,112,265,228,322,189,359,171,394,159,272,272,323,252,356,238,386,225,18.74,0.03,-0.03,0.21,1.01,-0.18,-1.04,-0.06,NOK
130,305,101,261,85,204,58,150,28,106,207,159,256,116,290,89,317,70,244,188,302,148,339,127,373,112,265,228,322,189,359,171,394,159,272,272,323,252,356,238,386,225,18.74,0.03,-0.03,0.21,1.01,-0.18,-1.04,-0.06,NOK
130,305,101,261,85,204,58,150,28,106,207,159,256,116,290,89,317,70,244,188,302,148,339,127,373,112,265,228,322,189,359,171,394,159,272,272,323,252,356,238,386,225,18.74,0.03,-0.03,0.21,1.01,-0.18,-1.04,-0.06,NOK
130,305,101,261,85,204,58,150,28,106,207,159,256,116,290,89,317,70,244,188,302,148,339,127,373,112,265,228,322,189,359,171,394,159,272,272,323,252,356,238,386,225,18.74,0.03,-0.03,0.21,1.01,-0.18,-1.04,-0.06,NOK
130,305,101,261,85,204,58,150,28,106,207,159,256,116,290,89,317,70,244,188,302,148,339,127,373,112,265,228,322,189,359,171,394,159,272,272,323,252,356,238,386,225,18.74,0.03,-0.03,0.21,1.01,-0.18,-1.04,-0.06,NOK
130,305,101,261,85,204,58,150,28,106,207,159,256,116,290,89,317,70,244,188,302,148,339,127,373,112,265,228,322,189,359,171,394,159,272,272,323,252,356,238,386,225,18.74,0.03,-0.03,0.21,1.01,-0.18,-1.04,-0.06,NOK
130,305,101,261,85,204,58,150,28,106,207,159,256,116,290,89,317,70,244,188,302,148,339,127,373,112,265,228,322,189,359,171,394,159,272,272,323,252,356,238,386,225,18.74,0.03,-0.03,0.21,1.01,-0.18,-1.04,-0.06,NOK
130,305,101,261,85,204,58,150,28,106,207,159,256,116,290,89,317,70,244,188,302,148,339,127,373,112,265,228,322,189,359,171,394,159,272,272,323,252,356,238,386,225,18.74,0.03,-0.03,0.21,1.01,-0.18,-1.04,-0.06,NOK
130,305,101,261,85,204,58,150,28,106,207,159,256,116,290,89,317,70,244,188,302,148,339,127,373,112,265,228,322,189,359,171,394,159,272,272,323,252,356,238,386,225,18.74,0.03,-0.03,0.21,1.01,-0.18,-1.04,-0.06,NOK
130,305,101,261,85,204,58,150,28,106,207,159,256,116,290,89,317,70,244,188,302,148,339,127,373,112,265,228,322,189,359,171,394,159,272,272,323,252,356,238,386,225,18.74,0.03,-0.03,0.21,1.01,-0.18,-1.04,-0.06,NOK
130,305,101,261,85,204,58,150,28,106,207,159,256,116,290,89,317,70,244,188,302,148,339,127,373,112,265,228,322,189,359,171,394,159,272,272,323,252,356,238,386,225,18.74,0.03,-0.03,0.21,1.01,-0.18,-1.04,-0.06,NOK
130,305,101,261,85,204,58,150,28,106,207,159,256,116,290,89,317,70,244,188,302,148,339,127,373,112,265,228,322,189,359,171,394,159,272,272,323,252,356,238,386,225,18.74,0.03,-0.03,0.21,1.01,-0.18,-1.04,-0.06,NOK
130,305,101,261,85,204,58,150,28,106,207,159,256,116,290,89,317,70,244,188,302,148,339,127,373,112,265,228,322,189,359,171,394,159,272,272,323,252,356,238,386,225,18.74,0.03,-0.03,0.21,1.01,-0.18,-1.04,-0.06,NOK
130,305,101,261,85,204,58,150,28,106,207,159,256,116,290,89,317,70,244,188,302,148,339,127,373,112,265,228,322,189,359,171,394,159,272,272,323,252,356,238,386,225,18.74,0.03,-0.03,0.21,1.01,-0.18,-1.04,-0.06,NOK
130,305,101,261,85,204,58,150,28,106,207,159,256,116,290,89,317,70,244,188,302,148,339,127,373,112,265,228,322,189,359,171,394,159,272,272,323,252,356,238,386,225,18.74,0.03,-0.03,0.21,1.01,-0.18,-1.04,-0.06,NOK
130,305,101,261,85,204,58,150,28,106,207,159,256,116,290,89,317,70,244,188,302,148,339,127,373,112,265,228,322,189,359,171,394,159,272,272,323,252,356,238,386,225,18.74,0.03,-0.03,0.21,1.01,-0.18,-1.04,-0.06,NOK
130,305,101,261,85,204,58,150,28,106,207,159,256,116,290,89,317,70,244,188,302,148,339,127,373,112,265,228,322,189,359,171,394,159,272,272,323,252,356,238,386,225,18.74,0.03,-0.03,0.21,1.01,-0.18,-1.04,-0.06,NOK
130,305,101,261,85,204,58,150,28,106,207,159,256,116,290,89,317,70,244,188,302,148,339,127,373,112,265,228,322,189,359,171,394,159,272,272,323,252,356,238,386,225,18.74,0.03,-0.03,0.21,1.01,-0.18,-1.04,-0.06,NOK
130,305,101,261,85,204,58,150,28,106,207,159,256,116,290,89,317,70,244,188,302,148,339,127,373,112,265,228,322,189,359,171,394,159,272,272,323,252,356,238,386,225,18.74,0.03,-0.03,0.21,1.01,-0.18,-1.04,-0.06,NOK
102,281,72,253,48,210,23,180,-4,159,149,147,175,110,179,114,174,129,193,174,237,136,238,148,231,172,220,213,262,183,268,198,269,218,230,258,265,257,278,272,287,289,18.74,0.03,-0.03,0.21,1.01,-0.18,-1.04,-0.06,NOK
102,281,72,253,48,210,23,180,-4,159,149,147,175,110,179,114,174,129,193,174,237,136,238,148,231,172,220,213,262,183,268,198,269,218,230,258,265,257,278,272,287,289,18.74,0.03,-0.03,0.21,1.01,-0.18,-1.04,-0.06,NOK
102,281,72,253,48,210,23,180,-4,159,149,147,175,110,179,114,174,129,193,174,237,136,238,148,231,172,220,213,262,183,268,198,269,218,230,258,265,257,278,272,287,289,18.74,0.03,-0.03,0.21,1.01,-0.18,-1.04,-0.06,NOK
102,281,72,253,48,210,23,180,-4,159,149,147,175,110,179,114,174,129,193,174,237,136,238,148,231,172,220,213,262,183,268,198,269,218,230,258,265,257,278,272,287,289,18.74,0.03,-0.03,0.21,1.01,-0.18,-1.04,-0.06,NOK
102,281,72,253,48,210,23,180,-4,159,149,147,175,110,179,114,174,129,193,174,237,136,238,148,231,172,220,213,262,183,268,198,269,218,230,258,265,257,278,272,287,289,18.74,0.03,-0.03,0.21,1.01,-0.18,-1.04,-0.06,NOK
102,281,72,253,48,210,23,180,-4,159,149,147,175,110,179,114,174,129,193,174,237,136,238,148,231,172,220,213,262,183,268,198,269,218,230,258,265,257,278,272,287,289,18.74,0.03,-0.03,0.21,1.01,-0.18,-1.04,-0.06,NOK
102,281,72,253,48,210,23,180,-4,159,149,147,175,110,179,114,174,129,193,174,237,136,238,148,231,172,220,213,262,183,268,198,269,218,230,258,265,257,278,272,287,289,18.74,0.03,-0.03,0.21,1.01,-0.18,-1.04,-0.06,NOK
102,281,72,253,48,210,23,180,-4,159,149,147,175,110,179,114,174,129,193,174,237,136,238,148,231,172,220,213,262,183,268,198,269,218,230,258,265,257,278,272,287,289,18.74,0.03,-0.03,0.21,1.01,-0.18,-1.04,-0.06,NOK
102,281,72,253,48,210,23,180,-4,159,149,147,175,110,179,114,174,129,193,174,237,136,238,148,231,172,220,213,262,183,268,198,269,218,230,258,265,257,278,272,287,289,18.74,0.03,-0.03,0.21,1.01,-0.18,-1.04,-0.06,NOK
102,281,72,253,48,210,23,180,-4,159,149,147,175,110,179,114,174,129,193,174,237,136,238,148,231,172,220,213,262,183,268,198,269,218,230,258,265,257,278,272,287,289,18.74,0.03,-0.03,0.21,1.01,-0.18,-1.04,-0.06,NOK
102,281,72,253,48,210,23,180,-4,159,149,147,175,110,179,114,174,129,193,174,237,136,238,148,231,172,220,213,262,183,268,198,269,218,230,258,265,257,278,272,287,289,18.74,0.03,-0.03,0.21,1.01,-0.18,-1.04,-0.06,NOK
102,281,72,253,48,210,23,180,-4,159,149,147,175,110,179,114,174,129,193,174,237,136,238,148,231,172,220,213,262,183,268,198,269,218,230,258,265,257,278,272,287,289,18.74,0.03,-0.03,0.21,1.01,-0.18,-1.04,-0.06,NOK
102,281,72,253,48,210,23,180,-4,159,149,147,175,110,179,114,174,129,193,174,237,136,238,148,231,172,220,213,262,183,268,198,269,218,230,258,265,257,278,272,287,289,18.74,0.03,-0.03,0.21,1.01,-0.18,-1.04,-0.06,NOK
102,281,72,253,48,210,23,180,-4,159,149,147,175,110,179,114,174,129,193,174,237,136,238,148,231,172,220,213,262,183,268,198,269,218,230,258,265,257,278,272,287,289,18.74,0.03,-0.03,0.21,1.01,-0.18,-1.04,-0.06,NOK
102,281,72,253,48,210,23,180,-4,159,149,147,175,110,179,114,174,129,193,174,237,136,238,148,231,172,220,213,262,183,268,198,269,218,230,258,265,257,278,272,287,289,18.74,0.03,-0.03,0.21,1.01,-0.18,-1.04,-0.06,NOK
102,281,72,253,48,210,23,180,-4,159,149,147,175,110,179,114,174,129,193,174,237,136,238,148,231,172,220,213,262,183,268,198,269,218,230,258,265,257,278,272,287,289,18.74,0.03,-0.03,0.21,1.01,-0.18,-1.04,-0.06,NOK
102,281,72,253,48,210,23,180,-4,159,149,147,175,110,179,114,174,129,193,174,237,136,238,148,231,172,220,213,262,183,268,198,269,218,230,258,265,257,278,272,287,289,18.74,0.03,-0.03,0.21,1.01,-0.18,-1.04,-0.06,NOK
102,281,72,253,48,210,23,180,-4,159,149,147,175,110,179,114,174,129,193,174,237,136,238,148,231,172,220,213,262,183,268,198,269,218,230,258,265,257,278,272,287,289,18.74,0.03,-0.03,0.21,1.01,-0.18,-1.04,-0.06,NOK
102,281,72,253,48,210,23,180,-4,159,149,147,175,110,179,114,174,129,193,174,237,136,238,148,231,172,220,213,262,183,268,198,269,218,230,258,265,257,278,272,287,289,18.74,0.03,-0.03,0.21,1.01,-0.18,-1.04,-0.06,NOK
102,281,72,253,48,210,23,180,-4,159,149,147,175,110,179,114,174,129,193,174,237,136,238,148,231,172,220,213,262,183,268,198,269,218,230,258,265,257,278,272,287,289,18.74,0.03,-0.03,0.21,1.01,-0.18,-1.04,-0.06,NOK
102,281,72,253,48,210,23,180,-4,159,149,147,175,110,179,114,174,129,193,174,237,136,238,148,231,172,220,213,262,183,268,198,269,218,230,258,265,257,278,272,287,289,18.74,0.03,-0.03,0.21,1.01,-0.18,-1.04,-0.06,NOK
21,46,27,33,27,23,23,23,20,26,9,17,11,22,17,31,18,36,3,26,9,36,15,42,16,43,0,36,5,47,12,51,14,52,-2,45,3,53,9,56,11,57,18.74,0.03,-0.02,0.22,1.01,0.18,-1.40,0.00,NOK
21,46,27,33,27,23,23,23,20,26,9,17,11,22,17,31,18,36,3,26,9,36,15,42,16,43,0,36,5,47,12,51,14,52,-2,45,3,53,9,56,11,57,18.74,0.03,-0.02,0.22,1.01,0.18,-1.40,0.00,NOK
21,46,27,33,27,23,23,23,20,26,9,17,11,22,17,31,18,36,3,26,9,36,15,42,16,43,0,36,5,47,12,51,14,52,-2,45,3,53,9,56,11,57,18.74,0.03,-0.02,0.22,1.01,0.18,-1.40,0.00,NOK
21,46,27,33,27,23,23,23,20,26,9,17,11,22,17,31,18,36,3,26,9,36,15,42,16,43,0,36,5,47,12,51,14,52,-2,45,3,53,9,56,11,57,18.74,0.03,-0.02,0.22,1.01,0.18,-1.40,0.00,NOK
21,46,27,33,27,23,23,23,20,26,9,17,11,22,17,31,18,36,3,26,9,36,15,42,16,43,0,36,5,47,12,51,14,52,-2,45,3,53,9,56,11,57,18.74,0.03,-0.02,0.22,1.01,0.18,-1.40,0.00,NOK
21,46,27,33,27,23,23,23,20,26,9,17,11,22,17,31,18,36,3,26,9,36,15,42,16,43,0,36,5,47,12,51,14,52,-2,45,3,53,9,56,11,57,18.74,0.03,-0.02,0.22,1.01,0.18,-1.40,0.00,NOK
21,46,27,33,27,23,23,23,20,26,9,17,11,22,17,31,18,36,3,26,9,36,15,42,16,43,0,36,5,47,12,51,14,52,-2,45,3,53,9,56,11,57,18.74,0.03,-0.02,0.22,1.01,0.18,-1.40,0.00,NOK
21,46,27,33,27,23,23,23,20,26,9,17,11,22,17,31,18,36,3,26,9,36,15,42,16,43,0,36,5,47,12,51,14,52,-2,45,3,53,9,56,11,57,18.74,0.03,-0.02,0.22,1.01,0.18,-1.40,0.00,NOK
21,46,27,33,27,23,23,23,20,26,9,17,11,22,17,31,18,36,3,26,9,36,15,42,16,43,0,36,5,47,12,51,14,52,-2,45,3,53,9,56,11,57,18.74,0.03,-0.02,0.22,1.01,0.18,-1.40,0.00,NOK
21,46,27,33,27,23,23,23,20,26,9,17,11,22,17,31,18,36,3,26,9,36,15,42,16,43,0,36,5,47,12,51,14,52,-2,45,3,53,9,56,11,57,18.74,0.03,-0.02,0.22,1.01,0.18,-1.40,0.00,NOK
21,46,27,33,27,23,23,23,20,26,9,17,11,22,17,31,18,36,3,26,9,36,15,42,16,43,0,36,5,47,12,51,14,52,-2,45,3,53,9,56,11,57,18.74,0.03,-0.02,0.22,1.01,0.18,-1.40,0.00,NOK
21,46,27,33,27,23,23,23,20,26,9,17,11,22,17,31,18,36,3,26,9,36,15,42,16,43,0,36,5,47,12,51,14,52,-2,45,3,53,9,56,11,57,18.74,0.03,-0.02,0.22,1.01,0.18,-1.40,0.00,NOK
21,46,27,33,27,23,23,23,20,26,9,17,11,22,17,31,18,36,3,26,9,36,15,42,16,43,0,36,5,47,12,51,14,52,-2,45,3,53,9,56,11,57,18.74,0.03,-0.02,0.22,1.01,0.18,-1.40,0.00,NOK
21,46,27,33,27,23,23,23,20,26,9,17,11,22,17,31,18,36,3,26,9,36,15,42,16,43,0,36,5,47,12,51,14,52,-2,45,3,53,9,56,11,57,18.74,0.03,-0.02,0.22,1.01,0.18,-1.40,0.00,NOK
21,46,27,33,27,23,23,23,20,26,9,17,11,22,17,31,18,36,3,26,9,36,15,42,16,43,0,36,5,47,12,51,14,52,-2,45,3,53,9,56,11,57,18.74,0.03,-0.02,0.22,1.01,0.18,-1.40,0.00,NOK
21,46,27,33,27,23,23,23,20,26,9,17,11,22,17,31,18,36,3,26,9,36,15,42,16,43,0,36,5,47,12,51,14,52,-2,45,3,53,9,56,11,57,18.74,0.03,-0.02,0.22,1.01,0.18,-1.40,0.00,NOK
21,46,27,33,27,23,23,23,20,26,9,17,11,22,17,31,18,36,3,26,9,36,15,42,16,43,0,36,5,47,12,51,14,52,-2,45,3,53,9,56,11,57,18.74,0.03,-0.02,0.22,1.01,0.18,-1.40,0.00,NOK
21,46,27,33,27,23,23,23,20,26,9,17,11,22,17,31,18,36,3,26,9,36,15,42,16,43,0,36,5,47,12,51,14,52,-2,45,3,53,9,56,11,57,18.74,0.03,-0.02,0.22,1.01,0.18,-1.40,0.00,NOK
21,46,27,33,27,23,23,23,20,26,9,17,11,22,17,31,18,36,3,26,9,36,15,42,16,43,0,36,5,47,12,51,14,52,-2,45,3,53,9,56,11,57,18.74,0.03,-0.02,0.22,1.01,0.18,-1.40,0.00,NOK
21,46,27,33,27,23,23,23,20,26,9,17,11,22,17,31,18,36,3,26,9,36,15,42,16,43,0,36,5,47,12,51,14,52,-2,45,3,53,9,56,11,57,18.74,0.03,-0.02,0.22,1.01,0.18,-1.40,0.00,NOK
21,46,27,33,27,23,23,23,20,26,9,17,11,22,17,31,18,36,3,26,9,36,15,42,16,43,0,36,5,47,12,51,14,52,-2,45,3,53,9,56,11,57,18.74,0.03,-0.02,0.22,1.01,0.18,-1.40,0.00,NOK
20,53,28,45,34,33,34,24,30,22,19,22,27,24,29,30,27,33,12,28,20,32,22,35,20,34,6,35,16,42,19,45,19,45,3,43,11,50,15,54,16,55,18.74,0.03,-0.02,0.21,1.01,0.18,-1.53,-0.06,NOK
20,53,28,45,34,33,34,24,30,22,19,22,27,24,29,30,27,33,12,28,20,32,22,35,20,34,6,35,16,42,19,45,19,45,3,43,11,50,15,54,16,55,18.74,0.03,-0.02,0.21,1.01,0.18,-1.53,-0.06,NOK
20,53,28,45,34,33,34,24,30,22,19,22,27,24,29,30,27,33,12,28,20,32,22,35,20,34,6,35,16,42,19,45,19,45,3,43,11,50,15,54,16,55,18.74,0.03,-0.02,0.21,1.01,0.18,-1.53,-0.06,NOK
20,53,28,45,34,33,34,24,30,22,19,22,27,24,29,30,27,33,12,28,20,32,22,35,20,34,6,35,16,42,19,45,19,45,3,43,11,50,15,54,16,55,18.74,0.03,-0.02,0.21,1.01,0.18,-1.53,-0.06,NOK
20,53,28,45,34,33,34,24,30,22,19,22,27,24,29,30,27,33,12,28,20,32,22,35,20,34,6,35,16,42,19,45,19,45,3,43,11,50,15,54,16,55,18.74,0.03,-0.02,0.21,1.01,0.18,-1.53,-0.06,NOK
20,53,28,45,34,33,34,24,30,22,19,22,27,24,29,30,27,33,12,28,20,32,22,35,20,34,6,35,16,42,19,45,19,45,3,43,11,50,15,54,16,55,18.74,0.03,-0.02,0.21,1.01,0.18,-1.53,-0.06,NOK
20,53,28,45,34,33,34,24,30,22,19,22,27,24,29,30,27,33,12,28,20,32,22,35,20,34,6,35,16,42,19,45,19,45,3,43,11,50,15,54,16,55,18.74,0.03,-0.02,0.21,1.01,0.18,-1.53,-0.06,NOK
20,53,28,45,34,33,34,24,30,22,19,22,27,24,29,30,27,33,12,28,20,32,22,35,20,34,6,35,16,42,19,45,19,45,3,43,11,50,15,54,16,55,18.74,0.03,-0.02,0.21,1.01,0.18,-1.53,-0.06,NOK
20,53,28,45,34,33,34,24,30,22,19,22,27,24,29,30,27,33,12,28,20,32,22,35,20,34,6,35,16,42,19,45,19,45,3,43,11,50,15,54,16,55,18.74,0.03,-0.02,0.21,1.01,0.18,-1.53,-0.06,NOK
20,53,28,45,34,33,34,24,30,22,19,22,27,24,29,30,27,33,12,28,20,32,22,35,20,34,6,35,16,42,19,45,19,45,3,43,11,50,15,54,16,55,18.74,0.03,-0.02,0.21,1.01,0.18,-1.53,-0.06,NOK
20,53,28,45,34,33,34,24,30,22,19,22,27,24,29,30,27,33,12,28,20,32,22,35,20,34,6,35,16,42,19,45,19,45,3,43,11,50,15,54,16,55,18.74,0.03,-0.02,0.21,1.01,0.18,-1.53,-0.06,NOK
20,53,28,45,34,33,34,24,30,22,19,22,27,24,29,30,27,33,12,28,20,32,22,35,20,34,6,35,16,42,19,45,19,45,3,43,11,50,15,54,16,55,18.74,0.03,-0.02,0.21,1.01,0.18,-1.53,-0.06,NOK
20,53,28,45,34,33,34,24,30,22,19,22,27,24,29,30,27,33,12,28,20,32,22,35,20,34,6,35,16,42,19,45,19,45,3,43,11,50,15,54,16,55,18.74,0.03,-0.02,0.21,1.01,0.18,-1.53,-0.06,NOK
20,53,28,45,34,33,34,24,30,22,19,22,27,24,29,30,27,33,12,28,20,32,22,35,20,34,6,35,16,42,19,45,19,45,3,43,11,50,15,54,16,55,18.74,0.03,-0.02,0.21,1.01,0.18,-1.53,-0.06,NOK
20,53,28,45,34,33,34,24,30,22,19,22,27,24,29,30,27,33,12,28,20,32,22,35,20,34,6,35,16,42,19,45,19,45,3,43,11,50,15,54,16,55,18.74,0.03,-0.02,0.21,1.01,0.18,-1.53,-0.06,NOK
20,53,28,45,34,33,34,24,30,22,19,22,27,24,29,30,27,33,12,28,20,32,22,35,20,34,6,35,16,42,19,45,19,45,3,43,11,50,15,54,16,55,18.74,0.03,-0.02,0.21,1.01,0.18,-1.53,-0.06,NOK
20,53,28,45,34,33,34,24,30,22,19,22,27,24,29,30,27,33,12,28,20,32,22,35,20,34,6,35,16,42,19,45,19,45,3,43,11,50,15,54,16,55,18.74,0.03,-0.02,0.21,1.01,0.18,-1.53,-0.06,NOK
20,53,28,45,34,33,34,24,30,22,19,22,27,24,29,30,27,33,12,28,20,32,22,35,20,34,6,35,16,42,19,45,19,45,3,43,11,50,15,54,16,55,18.74,0.03,-0.02,0.21,1.01,0.18,-1.53,-0.06,NOK
20,53,28,45,34,33,34,24,30,22,19,22,27,24,29,30,27,33,12,28,20,32,22,35,20,34,6,35,16,42,19,45,19,45,3,43,11,50,15,54,16,55,18.74,0.03,-0.02,0.21,1.01,0.18,-1.53,-0.06,NOK
20,53,28,45,34,33,34,24,30,22,19,22,27,24,29,30,27,33,12,28,20,32,22,35,20,34,6,35,16,42,19,45,19,45,3,43,11,50,15,54,16,55,18.74,0.03,-0.02,0.21,1.01,0.18,-1.53,-0.06,NOK
20,53,28,45,34,33,34,24,30,22,19,22,27,24,29,30,27,33,12,28,20,32,22,35,20,34,6,35,16,42,19,45,19,45,3,43,11,50,15,54,16,55,18.74,0.03,-0.02,0.21,1.01,0.18,-1.53,-0.06,NOK
12,63,25,63,34,53,37,41,38,31,18,28,31,7,42,6,48,10,13,23,30,10,40,18,43,28,11,20,28,11,36,19,38,28,11,19,25,9,33,13,36,19,18.74,0.03,-0.02,0.21,1.01,0.00,-1.46,0.00,NOK
12,63,25,63,34,53,37,41,38,31,18,28,31,7,42,6,48,10,13,23,30,10,40,18,43,28,11,20,28,11,36,19,38,28,11,19,25,9,33,13,36,19,18.74,0.03,-0.02,0.21,1.01,0.00,-1.46,0.00,NOK
12,63,25,63,34,53,37,41,38,31,18,28,31,7,42,6,48,10,13,23,30,10,40,18,43,28,11,20,28,11,36,19,38,28,11,19,25,9,33,13,36,19,18.74,0.03,-0.02,0.21,1.01,0.00,-1.46,0.00,NOK
12,63,25,63,34,53,37,41,38,31,18,28,31,7,42,6,48,10,13,23,30,10,40,18,43,28,11,20,28,11,36,19,38,28,11,19,25,9,33,13,36,19,18.74,0.03,-0.02,0.21,1.01,0.00,-1.46,0.00,NOK
12,63,25,63,34,53,37,41,38,31,18,28,31,7,42,6,48,10,13,23,30,10,40,18,43,28,11,20,28,11,36,19,38,28,11,19,25,9,33,13,36,19,18.74,0.03,-0.02,0.21,1.01,0.00,-1.46,0.00,NOK
12,63,25,63,34,53,37,41,38,31,18,28,31,7,42,6,48,10,13,23,30,10,40,18,43,28,11,20,28,11,36,19,38,28,11,19,25,9,33,13,36,19,18.74,0.03,-0.02,0.21,1.01,0.00,-1.46,0.00,NOK
12,63,25,63,34,53,37,41,38,31,18,28,31,7,42,6,48,10,13,23,30,10,40,18,43,28,11,20,28,11,36,19,38,28,11,19,25,9,33,13,36,19,18.74,0.03,-0.02,0.21,1.01,0.00,-1.46,0.00,NOK
12,63,25,63,34,53,37,41,38,31,18,28,31,7,42,6,48,10,13,23,30,10,40,18,43,28,11,20,28,11,36,19,38,28,11,19,25,9,33,13,36,19,18.74,0.03,-0.02,0.21,1.01,0.00,-1.46,0.00,NOK
12,63,25,63,34,53,37,41,38,31,18,28,31,7,42,6,48,10,13,23,30,10,40,18,43,28,11,20,28,11,36,19,38,28,11,19,25,9,33,13,36,19,18.74,0.03,-0.02,0.21,1.01,0.00,-1.46,0.00,NOK
12,63,25,63,34,53,37,41,38,31,18,28,31,7,42,6,48,10,13,23,30,10,40,18,43,28,11,20,28,11,36,19,38,28,11,19,25,9,33,13,36,19,18.74,0.03,-0.02,0.21,1.01,0.00,-1.46,0.00,NOK
12,63,25,63,34,53,37,41,38,31,18,28,31,7,42,6,48,10,13,23,30,10,40,18,43,28,11,20,28,11,36,19,38,28,11,19,25,9,33,13,36,19,18.74,0.03,-0.02,0.21,1.01,0.00,-1.46,0.00,NOK
12,63,25,63,34,53,37,41,38,31,18,28,31,7,42,6,48,10,13,23,30,10,40,18,43,28,11,20,28,11,36,19,38,28,11,19,25,9,33,13,36,19,18.74,0.03,-0.02,0.21,1.01,0.00,-1.46,0.00,NOK
12,63,25,63,34,53,37,41,38,31,18,28,31,7,42,6,48,10,13,23,30,10,40,18,43,28,11,20,28,11,36,19,38,28,11,19,25,9,33,13,36,19,18.74,0.03,-0.02,0.21,1.01,0.00,-1.46,0.00,NOK
12,63,25,63,34,53,37,41,38,31,18,28,31,7,42,6,48,10,13,23,30,10,40,18,43,28,11,20,28,11,36,19,38,28,11,19,25,9,33,13,36,19,18.74,0.03,-0.02,0.21,1.01,0.00,-1.46,0.00,NOK
12,63,25,63,34,53,37,41,38,31,18,28,31,7,42,6,48,10,13,23,30,10,40,18,43,28,11,20,28,11,36,19,38,28,11,19,25,9,33,13,36,19,18.74,0.03,-0.02,0.21,1.01,0.00,-1.46,0.00,NOK
12,63,25,63,34,53,37,41,38,31,18,28,31,7,42,6,48,10,13,23,30,10,40,18,43,28,11,20,28,11,36,19,38,28,11,19,25,9,33,13,36,19,18.74,0.03,-0.02,0.21,1.01,0.00,-1.46,0.00,NOK
12,63,25,63,34,53,37,41,38,31,18,28,31,7,42,6,48,10,13,23,30,10,40,18,43,28,11,20,28,11,36,19,38,28,11,19,25,9,33,13,36,19,18.74,0.03,-0.02,0.21,1.01,0.00,-1.46,0.00,NOK
12,63,25,63,34,53,37,41,38,31,18,28,31,7,42,6,48,10,13,23,30,10,40,18,43,28,11,20,28,11,36,19,38,28,11,19,25,9,33,13,36,19,18.74,0.03,-0.02,0.21,1.01,0.00,-1.46,0.00,NOK
12,63,25,63,34,53,37,41,38,31,18,28,31,7,42,6,48,10,13,23,30,10,40,18,43,28,11,20,28,11,36,19,38,28,11,19,25,9,33,13,36,19,18.74,0.03,-0.02,0.21,1.01,0.00,-1.46,0.00,NOK
12,63,25,63,34,53,37,41,38,31,18,28,31,7,42,6,48,10,13,23,30,10,40,18,43,28,11,20,28,11,36,19,38,28,11,19,25,9,33,13,36,19,18.74,0.03,-0.02,0.21,1.01,0.00,-1.46,0.00,NOK
12,63,25,63,34,53,37,41,38,31,18,28,31,7,42,6,48,10,13,23,30,10,40,18,43,28,11,20,28,11,36,19,38,28,11,19,25,9,33,13,36,19,18.74,0.03,-0.02,0.21,1.01,0.00,-1.46,0.00,NOK
